Date,Open,High,Low,Close,Volume,Dividends,Stock Splits
2015-05-25 00:00:00+02:00,1650.1099853515625,1650.68994140625,1639.0999755859375,1650.68994140625,0,0.0,0.0
2015-05-26 00:00:00+02:00,1650.06005859375,1656.97998046875,1636.1600341796875,1638.489990234375,0,0.0,0.0
2015-05-27 00:00:00+02:00,1642.489990234375,1664.1600341796875,1637.7900390625,1664.0799560546875,0,0.0,0.0
2015-05-28 00:00:00+02:00,1661.6099853515625,1668.47998046875,1657.989990234375,1667.06005859375,0,0.0,0.0
2015-05-29 00:00:00+02:00,1669.1300048828125,1669.1300048828125,1644.989990234375,1644.989990234375,0,0.0,0.0
2015-06-01 00:00:00+02:00,1648.469970703125,1656.8499755859375,1644.760009765625,1649.5899658203125,0,0.0,0.0
2015-06-02 00:00:00+02:00,1657.5899658203125,1657.5899658203125,1629.93994140625,1638.6500244140625,0,0.0,0.0
2015-06-03 00:00:00+02:00,1642.260009765625,1650.280029296875,1632.27001953125,1641.68994140625,0,0.0,0.0
2015-06-04 00:00:00+02:00,1638.739990234375,1639.260009765625,1618.8399658203125,1625.02001953125,0,0.0,0.0
2015-06-05 00:00:00+02:00,1616.949951171875,1616.949951171875,1601.1600341796875,1606.4599609375,0,0.0,0.0
2015-06-08 00:00:00+02:00,1602.8399658203125,1608.239990234375,1589.5699462890625,1589.5699462890625,0,0.0,0.0
2015-06-09 00:00:00+02:00,1588.31005859375,1594.4599609375,1569.4599609375,1587.8399658203125,0,0.0,0.0
2015-06-10 00:00:00+02:00,1584.8299560546875,1613.030029296875,1578.8499755859375,1610.3800048828125,0,0.0,0.0
2015-06-11 00:00:00+02:00,1609.4000244140625,1618.6600341796875,1596.47998046875,1604.8900146484375,0,0.0,0.0
2015-06-12 00:00:00+02:00,1605.5400390625,1611.4000244140625,1588.4300537109375,1597.3299560546875,0,0.0,0.0
2015-06-15 00:00:00+02:00,1584.3599853515625,1586.3800048828125,1561.52001953125,1566.989990234375,0,0.0,0.0
2015-06-16 00:00:00+02:00,1558.27001953125,1585.800048828125,1548.6800537109375,1582.22998046875,0,0.0,0.0
2015-06-17 00:00:00+02:00,1582.9000244140625,1584.27001953125,1565.8599853515625,1567.4599609375,0,0.0,0.0
2015-06-18 00:00:00+02:00,1564.010009765625,1565.22998046875,1538.469970703125,1562.4300537109375,0,0.0,0.0
2015-06-22 00:00:00+02:00,1591.52001953125,1606.6199951171875,1581.6300048828125,1606.6199951171875,0,0.0,0.0
2015-06-23 00:00:00+02:00,1614.4599609375,1628.239990234375,1611.5400390625,1620.949951171875,0,0.0,0.0
2015-06-24 00:00:00+02:00,1623.8699951171875,1627.5699462890625,1606.75,1611.5,0,0.0,0.0
2015-06-25 00:00:00+02:00,1599.93994140625,1613.1700439453125,1594.9000244140625,1601.1199951171875,0,0.0,0.0
2015-06-26 00:00:00+02:00,1593.5999755859375,1614.300048828125,1584.030029296875,1608.260009765625,0,0.0,0.0
2015-06-29 00:00:00+02:00,1550.300048828125,1585.780029296875,1545.5799560546875,1559.800048828125,0,0.0,0.0
2015-06-30 00:00:00+02:00,1556.6800537109375,1561.3399658203125,1537.9300537109375,1541.6600341796875,0,0.0,0.0
2015-07-01 00:00:00+02:00,1550.6400146484375,1582.0999755859375,1546.4200439453125,1575.5,0,0.0,0.0
2015-07-02 00:00:00+02:00,1573.8199462890625,1577.77001953125,1560.6300048828125,1562.0999755859375,0,0.0,0.0
2015-07-03 00:00:00+02:00,1564.2900390625,1564.2900390625,1544.550048828125,1553.5999755859375,0,0.0,0.0
2015-07-06 00:00:00+02:00,1530.989990234375,1539.4599609375,1525.9000244140625,1526.93994140625,0,0.0,0.0
2015-07-07 00:00:00+02:00,1535.8900146484375,1541.7099609375,1516.0899658203125,1516.1199951171875,0,0.0,0.0
2015-07-08 00:00:00+02:00,1519.5999755859375,1528.6099853515625,1507.010009765625,1520.8800048828125,0,0.0,0.0
2015-07-09 00:00:00+02:00,1527.4300537109375,1552.0400390625,1524.47998046875,1549.5899658203125,0,0.0,0.0
2015-07-10 00:00:00+02:00,1579.5400390625,1590.5400390625,1570.6300048828125,1590.5400390625,0,0.0,0.0
2015-07-13 00:00:00+02:00,1601.1400146484375,1616.56005859375,1601.1400146484375,1614.4200439453125,0,0.0,0.0
2015-07-14 00:00:00+02:00,1612.1700439453125,1616.56005859375,1607.1400146484375,1616.25,0,0.0,0.0
2015-07-15 00:00:00+02:00,1611.9200439453125,1612.550048828125,1600.4000244140625,1601.969970703125,0,0.0,0.0
2015-07-16 00:00:00+02:00,1611.81005859375,1639.1800537109375,1611.18994140625,1636.1199951171875,0,0.0,0.0
2015-07-17 00:00:00+02:00,1648.47998046875,1648.81005859375,1630.02001953125,1635.469970703125,0,0.0,0.0
2015-07-20 00:00:00+02:00,1641.47998046875,1655.8199462890625,1641.47998046875,1653.43994140625,0,0.0,0.0
2015-07-21 00:00:00+02:00,1657.4300537109375,1658.9300537109375,1634.8699951171875,1636.4200439453125,0,0.0,0.0
2015-07-22 00:00:00+02:00,1631.25,1633.3499755859375,1621.27001953125,1621.27001953125,0,0.0,0.0
2015-07-23 00:00:00+02:00,1635.530029296875,1636.489990234375,1617.4000244140625,1619.81005859375,0,0.0,0.0
2015-07-24 00:00:00+02:00,1618.6099853515625,1626.719970703125,1611.18994140625,1612.800048828125,0,0.0,0.0
2015-07-27 00:00:00+02:00,1607.1600341796875,1608.06005859375,1581.0699462890625,1581.3299560546875,0,0.0,0.0
2015-07-28 00:00:00+02:00,1587.5799560546875,1594.8599853515625,1578.3900146484375,1588.219970703125,0,0.0,0.0
2015-07-29 00:00:00+02:00,1596.72998046875,1603.3199462890625,1583.0799560546875,1597.8599853515625,0,0.0,0.0
2015-07-30 00:00:00+02:00,1605.8399658203125,1609.3800048828125,1592.18994140625,1603.5,0,0.0,0.0
2015-07-31 00:00:00+02:00,1606.6099853515625,1615.6400146484375,1600.449951171875,1615.6400146484375,0,0.0,0.0
2015-08-03 00:00:00+02:00,1615.43994140625,1621.72998046875,1610.489990234375,1618.280029296875,0,0.0,0.0
2015-08-04 00:00:00+02:00,1616.56005859375,1616.9000244140625,1606.5400390625,1611.8800048828125,0,0.0,0.0
2015-08-05 00:00:00+02:00,1615.6300048828125,1630.010009765625,1615.6300048828125,1627.4200439453125,0,0.0,0.0
2015-08-06 00:00:00+02:00,1626.550048828125,1627.47998046875,1619.4200439453125,1621.56005859375,0,0.0,0.0
2015-08-07 00:00:00+02:00,1621.3499755859375,1622.93994140625,1612.280029296875,1612.280029296875,0,0.0,0.0
2015-08-10 00:00:00+02:00,1621.3499755859375,1636.6300048828125,1608.27001953125,1636.5400390625,0,0.0,0.0
2015-08-11 00:00:00+02:00,1633.8199462890625,1638.1199951171875,1611.6099853515625,1614.719970703125,0,0.0,0.0
2015-08-12 00:00:00+02:00,1604.030029296875,1604.030029296875,1573.1199951171875,1575.0400390625,0,0.0,0.0
2015-08-13 00:00:00+02:00,1597.3900146484375,1599.6099853515625,1586.2900390625,1594.1500244140625,0,0.0,0.0
2015-08-14 00:00:00+02:00,1594.8800048828125,1598.2900390625,1583.3399658203125,1586.8299560546875,0,0.0,0.0
2015-08-17 00:00:00+02:00,1598.68994140625,1603.6800537109375,1578.4100341796875,1592.81005859375,0,0.0,0.0
2015-08-18 00:00:00+02:00,1587.0799560546875,1592.8399658203125,1580.3900146484375,1583.530029296875,0,0.0,0.0
2015-08-19 00:00:00+02:00,1576.8599853515625,1576.8599853515625,1553.27001953125,1553.510009765625,0,0.0,0.0
2015-08-20 00:00:00+02:00,1546.8199462890625,1553.5400390625,1532.9599609375,1534.3900146484375,0,0.0,0.0
2015-08-21 00:00:00+02:00,1516.18994140625,1530.7099609375,1495.3599853515625,1495.3599853515625,0,0.0,0.0
2015-08-24 00:00:00+02:00,1451.780029296875,1471.6500244140625,1405.010009765625,1428.0799560546875,0,0.0,0.0
2015-08-25 00:00:00+02:00,1446.8599853515625,1487.260009765625,1440.97998046875,1483.3499755859375,0,0.0,0.0
2015-08-26 00:00:00+02:00,1465.8699951171875,1490.47998046875,1444.6300048828125,1458.199951171875,0,0.0,0.0
2015-08-27 00:00:00+02:00,1494.489990234375,1505.8800048828125,1485.6700439453125,1502.8599853515625,0,0.0,0.0
2015-08-28 00:00:00+02:00,1506.8399658203125,1509.7099609375,1490.4599609375,1509.7099609375,0,0.0,0.0
2015-08-31 00:00:00+02:00,1502.8299560546875,1504.550048828125,1486.6099853515625,1501.0699462890625,0,0.0,0.0
2015-09-01 00:00:00+02:00,1487.27001953125,1489.0699462890625,1460.6700439453125,1469.8699951171875,0,0.0,0.0
2015-09-02 00:00:00+02:00,1477.3900146484375,1486.1300048828125,1464.4100341796875,1471.510009765625,0,0.0,0.0
2015-09-03 00:00:00+02:00,1487.9000244140625,1506.530029296875,1479.1300048828125,1500.2099609375,0,0.0,0.0
2015-09-04 00:00:00+02:00,1485.47998046875,1486.050048828125,1459.489990234375,1461.4599609375,86107000,0.0,0.0
2015-09-07 00:00:00+02:00,1473.449951171875,1479.8800048828125,1466.199951171875,1471.75,0,0.0,0.0
2015-09-08 00:00:00+02:00,1482.9599609375,1499.469970703125,1480.6700439453125,1488.8800048828125,0,0.0,0.0
2015-09-09 00:00:00+02:00,1518.5,1524.22998046875,1505.989990234375,1507.1500244140625,0,0.0,0.0
2015-09-10 00:00:00+02:00,1495.050048828125,1505.6600341796875,1487.9100341796875,1494.3499755859375,0,0.0,0.0
2015-09-11 00:00:00+02:00,1498.3599853515625,1499.1199951171875,1484.1800537109375,1488.4100341796875,0,0.0,0.0
2015-09-14 00:00:00+02:00,1489.02001953125,1491.8199462890625,1462.760009765625,1467.72998046875,0,0.0,0.0
2015-09-15 00:00:00+02:00,1467.719970703125,1475.1099853515625,1450.5699462890625,1469.0799560546875,0,0.0,0.0
2015-09-16 00:00:00+02:00,1480.050048828125,1490.56005859375,1477.5899658203125,1483.6600341796875,0,0.0,0.0
2015-09-17 00:00:00+02:00,1486.3800048828125,1488.699951171875,1480.3699951171875,1486.4599609375,0,0.0,0.0
2015-09-18 00:00:00+02:00,1478.6600341796875,1478.68994140625,1446.97998046875,1453.1099853515625,0,0.0,0.0
2015-09-21 00:00:00+02:00,1449.1700439453125,1467.5699462890625,1443.72998046875,1462.6600341796875,0,0.0,0.0
2015-09-22 00:00:00+02:00,1440.8499755859375,1455.8699951171875,1424.530029296875,1425.3900146484375,0,0.0,0.0
2015-09-23 00:00:00+02:00,1423.1400146484375,1432.3800048828125,1416.9200439453125,1421.5,0,0.0,0.0
2015-09-24 00:00:00+02:00,1422.8599853515625,1424.199951171875,1378.93994140625,1381.8699951171875,0,0.0,0.0
2015-09-25 00:00:00+02:00,1401.050048828125,1421.6300048828125,1401.050048828125,1418.469970703125,0,0.0,0.0
2015-09-28 00:00:00+02:00,1414.9200439453125,1416.0799560546875,1389.3800048828125,1389.3800048828125,0,0.0,0.0
2015-09-29 00:00:00+02:00,1374.5799560546875,1403.300048828125,1369.2900390625,1391.8800048828125,0,0.0,0.0
2015-09-30 00:00:00+02:00,1415.02001953125,1423.8299560546875,1407.3399658203125,1416.8900146484375,0,0.0,0.0
2015-10-01 00:00:00+02:00,1432.4000244140625,1435.969970703125,1399.3399658203125,1404.449951171875,0,0.0,0.0
2015-10-02 00:00:00+02:00,1416.6600341796875,1429.3800048828125,1396.199951171875,1412.8599853515625,0,0.0,0.0
2015-10-05 00:00:00+02:00,1434.949951171875,1456.969970703125,1429.6500244140625,1456.969970703125,0,0.0,0.0
2015-10-06 00:00:00+02:00,1457.3800048828125,1464.5799560546875,1441.3499755859375,1457.1500244140625,0,0.0,0.0
2015-10-07 00:00:00+02:00,1459.260009765625,1471.6400146484375,1452.010009765625,1452.010009765625,0,0.0,0.0
2015-10-08 00:00:00+02:00,1448.4200439453125,1464.989990234375,1447.3599853515625,1464.489990234375,0,0.0,0.0
2015-10-09 00:00:00+02:00,1477.280029296875,1490.199951171875,1473.989990234375,1483.739990234375,0,0.0,0.0
2015-10-12 00:00:00+02:00,1488.0799560546875,1504.5999755859375,1472.52001953125,1481.4300537109375,0,0.0,0.0
2015-10-13 00:00:00+02:00,1483.2900390625,1483.469970703125,1452.780029296875,1460.1099853515625,0,0.0,0.0
2015-10-14 00:00:00+02:00,1451.6600341796875,1455.06005859375,1441.2900390625,1442.75,0,0.0,0.0
2015-10-15 00:00:00+02:00,1444.199951171875,1453.8699951171875,1441.760009765625,1453.8699951171875,0,0.0,0.0
2015-10-16 00:00:00+02:00,1463.949951171875,1469.7099609375,1444.8800048828125,1452.3599853515625,0,0.0,0.0
2015-10-19 00:00:00+02:00,1452.6199951171875,1466.739990234375,1452.2099609375,1458.0,0,0.0,0.0
2015-10-20 00:00:00+02:00,1463.8299560546875,1471.8199462890625,1449.550048828125,1466.6700439453125,0,0.0,0.0
2015-10-21 00:00:00+02:00,1460.31005859375,1463.1400146484375,1443.1600341796875,1452.0899658203125,0,0.0,0.0
2015-10-22 00:00:00+02:00,1449.2900390625,1485.6600341796875,1434.719970703125,1484.469970703125,0,0.0,0.0
2015-10-23 00:00:00+02:00,1490.3800048828125,1514.8499755859375,1486.0999755859375,1506.5899658203125,0,0.0,0.0
2015-10-26 00:00:00+01:00,1506.489990234375,1515.22998046875,1499.2900390625,1506.1600341796875,0,0.0,0.0
2015-10-27 00:00:00+01:00,1503.0799560546875,1504.0799560546875,1485.719970703125,1487.030029296875,0,0.0,0.0
2015-10-28 00:00:00+01:00,1490.9599609375,1503.219970703125,1482.030029296875,1499.6400146484375,0,0.0,0.0
2015-10-29 00:00:00+01:00,1505.97998046875,1505.97998046875,1484.1800537109375,1495.8599853515625,0,0.0,0.0
2015-10-30 00:00:00+01:00,1498.2900390625,1508.449951171875,1496.510009765625,1499.22998046875,0,0.0,0.0
2015-11-02 00:00:00+01:00,1487.469970703125,1509.699951171875,1480.2900390625,1502.43994140625,0,0.0,0.0
2015-11-03 00:00:00+01:00,1506.0400390625,1508.6800537109375,1496.1300048828125,1507.449951171875,0,0.0,0.0
2015-11-04 00:00:00+01:00,1513.52001953125,1533.949951171875,1512.8900146484375,1529.4300537109375,0,0.0,0.0
2015-11-05 00:00:00+01:00,1530.4200439453125,1535.050048828125,1521.1300048828125,1523.25,0,0.0,0.0
2015-11-06 00:00:00+01:00,1523.56005859375,1536.5799560546875,1516.5400390625,1526.489990234375,0,0.0,0.0
2015-11-09 00:00:00+01:00,1530.3599853515625,1537.25,1511.550048828125,1511.550048828125,0,0.0,0.0
2015-11-10 00:00:00+01:00,1515.530029296875,1517.8499755859375,1488.18994140625,1499.4000244140625,0,0.0,0.0
2015-11-11 00:00:00+01:00,1504.43994140625,1518.300048828125,1503.1600341796875,1511.4599609375,0,0.0,0.0
2015-11-12 00:00:00+01:00,1511.8399658203125,1512.6099853515625,1487.9599609375,1488.4000244140625,0,0.0,0.0
2015-11-13 00:00:00+01:00,1481.760009765625,1485.56005859375,1469.0,1476.2099609375,0,0.0,0.0
2015-11-16 00:00:00+01:00,1476.2099609375,1485.6800537109375,1458.52001953125,1479.0400390625,0,0.0,0.0
2015-11-17 00:00:00+01:00,1479.239990234375,1514.3299560546875,1479.239990234375,1513.9300537109375,0,0.0,0.0
2015-11-18 00:00:00+01:00,1513.9300537109375,1515.2099609375,1504.3800048828125,1514.1800537109375,0,0.0,0.0
2015-11-19 00:00:00+01:00,1514.1800537109375,1530.9100341796875,1507.8299560546875,1512.77001953125,0,0.0,0.0
2015-11-20 00:00:00+01:00,1512.77001953125,1525.47998046875,1505.93994140625,1521.8699951171875,0,0.0,0.0
2015-11-23 00:00:00+01:00,1521.8699951171875,1521.8699951171875,1509.27001953125,1515.800048828125,0,0.0,0.0
2015-11-24 00:00:00+01:00,1515.800048828125,1515.800048828125,1486.739990234375,1488.8900146484375,0,0.0,0.0
2015-11-25 00:00:00+01:00,1488.8900146484375,1508.3800048828125,1487.949951171875,1506.52001953125,0,0.0,0.0
2015-11-26 00:00:00+01:00,1505.3900146484375,1524.6199951171875,1502.300048828125,1522.280029296875,0,0.0,0.0
2015-11-27 00:00:00+01:00,1519.5999755859375,1527.6199951171875,1511.6199951171875,1522.0,0,0.0,0.0
2015-11-30 00:00:00+01:00,1521.9000244140625,1542.1199951171875,1515.3299560546875,1536.050048828125,0,0.0,0.0
2015-12-01 00:00:00+01:00,1536.280029296875,1546.530029296875,1527.449951171875,1530.52001953125,0,0.0,0.0
2015-12-02 00:00:00+01:00,1530.6099853515625,1539.5400390625,1521.6400146484375,1533.8699951171875,0,0.0,0.0
2015-12-03 00:00:00+01:00,1533.739990234375,1544.93994140625,1502.4100341796875,1502.4100341796875,0,0.0,0.0
2015-12-04 00:00:00+01:00,1501.97998046875,1501.97998046875,1475.7900390625,1485.3199462890625,0,0.0,0.0
2015-12-07 00:00:00+01:00,1490.260009765625,1504.6099853515625,1489.6199951171875,1494.52001953125,0,0.0,0.0
2015-12-08 00:00:00+01:00,1494.06005859375,1494.06005859375,1450.43994140625,1454.989990234375,0,0.0,0.0
2015-12-09 00:00:00+01:00,1455.739990234375,1460.8499755859375,1428.6199951171875,1440.93994140625,0,0.0,0.0
2015-12-10 00:00:00+01:00,1440.010009765625,1444.6700439453125,1427.5899658203125,1433.4100341796875,0,0.0,0.0
2015-12-11 00:00:00+01:00,1433.3800048828125,1433.3800048828125,1399.9000244140625,1401.1400146484375,0,0.0,0.0
2015-12-14 00:00:00+01:00,1401.81005859375,1418.6600341796875,1388.780029296875,1389.260009765625,0,0.0,0.0
2015-12-15 00:00:00+01:00,1389.260009765625,1427.1099853515625,1389.260009765625,1426.469970703125,0,0.0,0.0
2015-12-16 00:00:00+01:00,1426.72998046875,1439.5,1418.8699951171875,1428.02001953125,0,0.0,0.0
2015-12-17 00:00:00+01:00,1429.719970703125,1461.489990234375,1429.719970703125,1438.3199462890625,0,0.0,0.0
2015-12-18 00:00:00+01:00,1435.7900390625,1435.7900390625,1415.1199951171875,1422.6300048828125,0,0.0,0.0
2015-12-21 00:00:00+01:00,1422.6300048828125,1443.800048828125,1419.1300048828125,1419.1300048828125,0,0.0,0.0
2015-12-22 00:00:00+01:00,1419.3499755859375,1428.449951171875,1410.239990234375,1413.739990234375,0,0.0,0.0
2015-12-23 00:00:00+01:00,1415.010009765625,1446.68994140625,1415.010009765625,1446.68994140625,0,0.0,0.0
2015-12-28 00:00:00+01:00,1447.68994140625,1451.7099609375,1432.550048828125,1434.06005859375,0,0.0,0.0
2015-12-29 00:00:00+01:00,1435.1199951171875,1452.949951171875,1435.1199951171875,1452.949951171875,0,0.0,0.0
2015-12-30 00:00:00+01:00,1453.18994140625,1455.4200439453125,1442.1700439453125,1446.8199462890625,0,0.0,0.0
2016-01-04 00:00:00+01:00,1441.3399658203125,1441.3399658203125,1394.27001953125,1394.3900146484375,0,0.0,0.0
2016-01-05 00:00:00+01:00,1398.0,1410.469970703125,1384.050048828125,1387.030029296875,0,0.0,0.0
2016-01-07 00:00:00+01:00,1379.6600341796875,1379.6600341796875,1326.699951171875,1357.1199951171875,0,0.0,0.0
2016-01-08 00:00:00+01:00,1359.0999755859375,1379.949951171875,1348.760009765625,1348.760009765625,0,0.0,0.0
2016-01-11 00:00:00+01:00,1348.22998046875,1362.0400390625,1342.6800537109375,1348.6400146484375,0,0.0,0.0
2016-01-12 00:00:00+01:00,1348.4200439453125,1369.050048828125,1345.6700439453125,1351.260009765625,0,0.0,0.0
2016-01-13 00:00:00+01:00,1352.6099853515625,1377.8699951171875,1352.6099853515625,1360.97998046875,0,0.0,0.0
2016-01-14 00:00:00+01:00,1359.0799560546875,1359.0799560546875,1326.7099609375,1339.469970703125,0,0.0,0.0
2016-01-15 00:00:00+01:00,1339.6400146484375,1348.510009765625,1296.9200439453125,1305.239990234375,0,0.0,0.0
2016-01-18 00:00:00+01:00,1306.56005859375,1322.5899658203125,1300.5400390625,1306.02001953125,0,0.0,0.0
2016-01-19 00:00:00+01:00,1311.719970703125,1341.72998046875,1311.719970703125,1332.1700439453125,0,0.0,0.0
2016-01-20 00:00:00+01:00,1332.1700439453125,1332.1700439453125,1289.4000244140625,1290.949951171875,0,0.0,0.0
2016-01-21 00:00:00+01:00,1290.239990234375,1319.81005859375,1283.1300048828125,1312.5999755859375,0,0.0,0.0
2016-01-22 00:00:00+01:00,1320.1400146484375,1364.239990234375,1320.1400146484375,1361.3599853515625,0,0.0,0.0
2016-01-25 00:00:00+01:00,1362.3499755859375,1367.81005859375,1345.550048828125,1354.4100341796875,0,0.0,0.0
2016-01-26 00:00:00+01:00,1351.4200439453125,1376.1199951171875,1332.4000244140625,1375.739990234375,0,0.0,0.0
2016-01-27 00:00:00+01:00,1377.469970703125,1377.469970703125,1353.6400146484375,1365.5899658203125,0,0.0,0.0
2016-01-28 00:00:00+01:00,1360.6099853515625,1366.760009765625,1328.280029296875,1333.3199462890625,0,0.0,0.0
2016-01-29 00:00:00+01:00,1339.3299560546875,1359.9200439453125,1335.9300537109375,1356.3199462890625,0,0.0,0.0
2016-02-01 00:00:00+01:00,1357.1300048828125,1365.9000244140625,1335.1400146484375,1342.4300537109375,0,0.0,0.0
2016-02-02 00:00:00+01:00,1340.1800537109375,1340.3800048828125,1314.18994140625,1320.2900390625,0,0.0,0.0
2016-02-03 00:00:00+01:00,1320.5400390625,1331.6199951171875,1295.5,1305.489990234375,0,0.0,0.0
2016-02-04 00:00:00+01:00,1310.9000244140625,1334.8299560546875,1304.8299560546875,1333.719970703125,0,0.0,0.0
2016-02-05 00:00:00+01:00,1333.6600341796875,1347.4599609375,1322.6800537109375,1330.1099853515625,0,0.0,0.0
2016-02-08 00:00:00+01:00,1330.9000244140625,1339.5999755859375,1273.27001953125,1273.949951171875,0,0.0,0.0
2016-02-09 00:00:00+01:00,1274.5899658203125,1288.52001953125,1253.6300048828125,1271.449951171875,0,0.0,0.0
2016-02-10 00:00:00+01:00,1272.1600341796875,1306.1700439453125,1272.1099853515625,1297.8199462890625,0,0.0,0.0
2016-02-11 00:00:00+01:00,1296.3399658203125,1296.3399658203125,1247.06005859375,1247.06005859375,0,0.0,0.0
2016-02-12 00:00:00+01:00,1248.280029296875,1286.6700439453125,1248.280029296875,1286.6700439453125,0,0.0,0.0
2016-02-15 00:00:00+01:00,1290.6199951171875,1336.1700439453125,1290.6199951171875,1336.1700439453125,0,0.0,0.0
2016-02-16 00:00:00+01:00,1336.1700439453125,1349.8699951171875,1323.5899658203125,1328.1400146484375,0,0.0,0.0
2016-02-17 00:00:00+01:00,1329.72998046875,1374.25,1329.72998046875,1374.25,0,0.0,0.0
2016-02-18 00:00:00+01:00,1374.25,1381.530029296875,1359.8299560546875,1362.97998046875,0,0.0,0.0
2016-02-19 00:00:00+01:00,1363.010009765625,1370.43994140625,1349.5,1355.949951171875,0,0.0,0.0
2016-02-22 00:00:00+01:00,1357.3199462890625,1385.739990234375,1357.3199462890625,1385.739990234375,0,0.0,0.0
2016-02-23 00:00:00+01:00,1385.1600341796875,1385.800048828125,1366.510009765625,1366.530029296875,0,0.0,0.0
2016-02-24 00:00:00+01:00,1366.9100341796875,1368.8900146484375,1324.4599609375,1327.8499755859375,0,0.0,0.0
2016-02-25 00:00:00+01:00,1328.239990234375,1360.969970703125,1328.239990234375,1360.969970703125,0,0.0,0.0
2016-02-26 00:00:00+01:00,1363.760009765625,1378.77001953125,1363.4599609375,1370.800048828125,0,0.0,0.0
2016-02-29 00:00:00+01:00,1370.800048828125,1374.5699462890625,1345.1700439453125,1372.5400390625,0,0.0,0.0
2016-03-01 00:00:00+01:00,1372.5400390625,1392.02001953125,1356.5699462890625,1391.449951171875,0,0.0,0.0
2016-03-02 00:00:00+01:00,1392.199951171875,1401.77001953125,1373.3399658203125,1383.7099609375,0,0.0,0.0
2016-03-03 00:00:00+01:00,1385.4599609375,1394.47998046875,1384.1700439453125,1389.449951171875,0,0.0,0.0
2016-03-04 00:00:00+01:00,1389.949951171875,1409.2900390625,1389.949951171875,1403.77001953125,0,0.0,0.0
2016-03-07 00:00:00+01:00,1403.4000244140625,1403.4000244140625,1387.8199462890625,1397.0400390625,0,0.0,0.0
2016-03-08 00:00:00+01:00,1396.030029296875,1399.81005859375,1385.510009765625,1390.5799560546875,0,0.0,0.0
2016-03-09 00:00:00+01:00,1390.56005859375,1402.780029296875,1385.1800537109375,1398.469970703125,0,0.0,0.0
2016-03-10 00:00:00+01:00,1398.02001953125,1423.77001953125,1385.06005859375,1385.06005859375,0,0.0,0.0
2016-03-11 00:00:00+01:00,1392.0699462890625,1419.18994140625,1392.0699462890625,1418.3900146484375,0,0.0,0.0
2016-03-14 00:00:00+01:00,1419.6700439453125,1431.6400146484375,1415.1199951171875,1424.18994140625,0,0.0,0.0
2016-03-15 00:00:00+01:00,1424.18994140625,1424.18994140625,1403.1199951171875,1403.949951171875,0,0.0,0.0
2016-03-16 00:00:00+01:00,1404.1500244140625,1412.489990234375,1386.8800048828125,1393.0999755859375,0,0.0,0.0
2016-03-17 00:00:00+01:00,1393.0999755859375,1404.0799560546875,1362.2900390625,1390.8599853515625,0,0.0,0.0
2016-03-18 00:00:00+01:00,1391.260009765625,1393.219970703125,1371.6600341796875,1391.3800048828125,0,0.0,0.0
2016-03-21 00:00:00+01:00,1389.68994140625,1391.77001953125,1374.8199462890625,1377.56005859375,0,0.0,0.0
2016-03-22 00:00:00+01:00,1376.780029296875,1382.43994140625,1354.3900146484375,1382.43994140625,0,0.0,0.0
2016-03-23 00:00:00+01:00,1382.6300048828125,1382.6300048828125,1362.47998046875,1368.2099609375,0,0.0,0.0
2016-03-24 00:00:00+01:00,1365.1700439453125,1365.1700439453125,1345.3399658203125,1345.3399658203125,0,0.0,0.0
2016-03-29 00:00:00+02:00,1346.4100341796875,1358.1300048828125,1339.8800048828125,1348.699951171875,0,0.0,0.0
2016-03-30 00:00:00+02:00,1348.699951171875,1383.4100341796875,1348.699951171875,1376.8199462890625,0,0.0,0.0
2016-03-31 00:00:00+02:00,1375.5400390625,1375.5400390625,1362.780029296875,1365.699951171875,0,0.0,0.0
2016-04-01 00:00:00+02:00,1360.7900390625,1360.7900390625,1343.27001953125,1358.219970703125,0,0.0,0.0
2016-04-04 00:00:00+02:00,1358.219970703125,1370.4300537109375,1351.0699462890625,1361.8599853515625,77976700,0.0,0.0
2016-04-05 00:00:00+02:00,1361.8599853515625,1361.8599853515625,1327.43994140625,1333.8499755859375,0,0.0,0.0
2016-04-06 00:00:00+02:00,1333.8499755859375,1349.02001953125,1323.550048828125,1349.02001953125,0,0.0,0.0
2016-04-07 00:00:00+02:00,1348.8699951171875,1349.0400390625,1330.510009765625,1330.8399658203125,0,0.0,0.0
2016-04-08 00:00:00+02:00,1331.3800048828125,1365.0,1331.3800048828125,1364.93994140625,0,0.0,0.0
2016-04-11 00:00:00+02:00,1364.4100341796875,1376.3699951171875,1353.5699462890625,1368.6199951171875,0,0.0,0.0
2016-04-12 00:00:00+02:00,1368.0400390625,1368.6400146484375,1353.22998046875,1366.5999755859375,0,0.0,0.0
2016-04-13 00:00:00+02:00,1368.6500244140625,1394.8199462890625,1368.6500244140625,1392.5899658203125,0,0.0,0.0
2016-04-14 00:00:00+02:00,1393.0999755859375,1396.469970703125,1381.52001953125,1384.1099853515625,0,0.0,0.0
2016-04-15 00:00:00+02:00,1383.989990234375,1387.1099853515625,1379.030029296875,1381.3299560546875,0,0.0,0.0
2016-04-18 00:00:00+02:00,1380.260009765625,1386.449951171875,1364.6600341796875,1381.8900146484375,0,0.0,0.0
2016-04-19 00:00:00+02:00,1383.3399658203125,1413.8299560546875,1383.3399658203125,1410.8699951171875,0,0.0,0.0
2016-04-20 00:00:00+02:00,1408.5999755859375,1419.800048828125,1404.1300048828125,1419.6700439453125,0,0.0,0.0
2016-04-21 00:00:00+02:00,1419.8499755859375,1422.7900390625,1402.0,1409.489990234375,0,0.0,0.0
2016-04-22 00:00:00+02:00,1408.52001953125,1408.9300537109375,1392.5699462890625,1396.3699951171875,0,0.0,0.0
2016-04-25 00:00:00+02:00,1396.5699462890625,1401.3399658203125,1384.989990234375,1389.5699462890625,0,0.0,0.0
2016-04-26 00:00:00+02:00,1389.239990234375,1399.949951171875,1386.719970703125,1389.800048828125,0,0.0,0.0
2016-04-27 00:00:00+02:00,1388.949951171875,1395.75,1382.1199951171875,1386.780029296875,0,0.0,0.0
2016-04-28 00:00:00+02:00,1385.9200439453125,1391.260009765625,1364.4100341796875,1389.6099853515625,0,0.0,0.0
2016-04-29 00:00:00+02:00,1389.6099853515625,1389.6099853515625,1357.9000244140625,1360.7099609375,0,0.0,0.0
2016-05-02 00:00:00+02:00,1360.7099609375,1365.0699462890625,1350.6199951171875,1352.9100341796875,0,0.0,0.0
2016-05-03 00:00:00+02:00,1352.9100341796875,1353.47998046875,1326.3499755859375,1335.3900146484375,0,0.0,0.0
2016-05-04 00:00:00+02:00,1335.3900146484375,1336.0,1318.02001953125,1319.1700439453125,0,0.0,0.0
2016-05-06 00:00:00+02:00,1317.68994140625,1317.68994140625,1300.9000244140625,1309.1700439453125,0,0.0,0.0
2016-05-09 00:00:00+02:00,1309.52001953125,1336.6099853515625,1309.52001953125,1328.199951171875,0,0.0,0.0
2016-05-10 00:00:00+02:00,1328.6800537109375,1342.260009765625,1328.6800537109375,1332.5799560546875,0,0.0,0.0
2016-05-11 00:00:00+02:00,1331.0,1338.52001953125,1321.7900390625,1326.1300048828125,0,0.0,0.0
2016-05-12 00:00:00+02:00,1325.969970703125,1332.699951171875,1311.300048828125,1312.280029296875,0,0.0,0.0
2016-05-13 00:00:00+02:00,1311.9300537109375,1325.8499755859375,1304.8599853515625,1323.1800537109375,0,0.0,0.0
2016-05-16 00:00:00+02:00,1323.25,1336.6300048828125,1311.6099853515625,1336.1400146484375,0,0.0,0.0
2016-05-17 00:00:00+02:00,1336.1400146484375,1348.4599609375,1327.550048828125,1331.7099609375,0,0.0,0.0
2016-05-18 00:00:00+02:00,1331.5,1340.9599609375,1322.260009765625,1340.9300537109375,0,0.0,0.0
2016-05-19 00:00:00+02:00,1340.75,1340.75,1321.800048828125,1321.800048828125,0,0.0,0.0
2016-05-20 00:00:00+02:00,1322.22998046875,1342.989990234375,1322.22998046875,1342.6800537109375,0,0.0,0.0
2016-05-23 00:00:00+02:00,1342.5799560546875,1345.52001953125,1332.030029296875,1338.969970703125,0,0.0,0.0
2016-05-24 00:00:00+02:00,1337.8499755859375,1358.6800537109375,1327.56005859375,1357.0999755859375,0,0.0,0.0
2016-05-25 00:00:00+02:00,1358.239990234375,1370.449951171875,1358.239990234375,1367.0699462890625,0,0.0,0.0
2016-05-26 00:00:00+02:00,1365.7900390625,1376.43994140625,1364.1700439453125,1376.1500244140625,0,0.0,0.0
2016-05-27 00:00:00+02:00,1375.72998046875,1379.199951171875,1370.3900146484375,1376.5,0,0.0,0.0
2016-05-30 00:00:00+02:00,1376.5400390625,1380.43994140625,1371.68994140625,1379.81005859375,0,0.0,0.0
2016-05-31 00:00:00+02:00,1380.1400146484375,1383.3800048828125,1368.530029296875,1369.47998046875,0,0.0,0.0
2016-06-01 00:00:00+02:00,1369.5799560546875,1369.5799560546875,1351.9000244140625,1356.75,0,0.0,0.0
2016-06-02 00:00:00+02:00,1357.0999755859375,1364.1199951171875,1354.93994140625,1359.1400146484375,0,0.0,0.0
2016-06-03 00:00:00+02:00,1360.4000244140625,1369.6800537109375,1338.93994140625,1345.43994140625,0,0.0,0.0
2016-06-07 00:00:00+02:00,1346.989990234375,1369.030029296875,1346.989990234375,1367.1500244140625,0,0.0,0.0
2016-06-08 00:00:00+02:00,1366.56005859375,1366.56005859375,1359.1099853515625,1361.489990234375,0,0.0,0.0
2016-06-09 00:00:00+02:00,1361.5799560546875,1362.449951171875,1343.219970703125,1344.0,0,0.0,0.0
2016-06-10 00:00:00+02:00,1343.1500244140625,1343.1500244140625,1313.3599853515625,1315.06005859375,0,0.0,0.0
2016-06-13 00:00:00+02:00,1312.7900390625,1312.7900390625,1290.3699951171875,1294.510009765625,0,0.0,0.0
2016-06-14 00:00:00+02:00,1294.3199462890625,1294.3199462890625,1270.1600341796875,1273.969970703125,0,0.0,0.0
2016-06-15 00:00:00+02:00,1275.8900146484375,1306.8900146484375,1275.8900146484375,1304.0899658203125,0,0.0,0.0
2016-06-16 00:00:00+02:00,1301.27001953125,1301.27001953125,1270.7099609375,1278.7099609375,0,0.0,0.0
2016-06-17 00:00:00+02:00,1280.5799560546875,1300.27001953125,1280.5799560546875,1298.3800048828125,0,0.0,0.0
2016-06-20 00:00:00+02:00,1301.3900146484375,1340.3599853515625,1301.3900146484375,1340.2900390625,0,0.0,0.0
2016-06-21 00:00:00+02:00,1340.0,1346.9200439453125,1331.5,1344.5899658203125,0,0.0,0.0
2016-06-22 00:00:00+02:00,1345.0799560546875,1357.9100341796875,1338.6500244140625,1354.5999755859375,0,0.0,0.0
2016-06-23 00:00:00+02:00,1354.5799560546875,1366.97998046875,1347.4300537109375,1360.72998046875,0,0.0,0.0
2016-06-27 00:00:00+02:00,1353.22998046875,1353.22998046875,1240.6800537109375,1246.0999755859375,0,0.0,0.0
2016-06-28 00:00:00+02:00,1247.0,1290.3599853515625,1247.0,1278.52001953125,0,0.0,0.0
2016-06-29 00:00:00+02:00,1280.68994140625,1309.6199951171875,1280.68994140625,1309.5699462890625,0,0.0,0.0
2016-06-30 00:00:00+02:00,1309.5799560546875,1324.3800048828125,1300.68994140625,1323.5799560546875,0,0.0,0.0
2016-07-01 00:00:00+02:00,1325.1700439453125,1342.1800537109375,1325.1700439453125,1340.260009765625,0,0.0,0.0
2016-07-04 00:00:00+02:00,1340.5799560546875,1345.72998046875,1324.8599853515625,1325.5400390625,0,0.0,0.0
2016-07-05 00:00:00+02:00,1324.9300537109375,1324.9300537109375,1300.4599609375,1303.010009765625,0,0.0,0.0
2016-07-06 00:00:00+02:00,1300.7099609375,1303.6800537109375,1275.22998046875,1284.5799560546875,0,0.0,0.0
2016-07-07 00:00:00+02:00,1285.06005859375,1313.449951171875,1285.06005859375,1305.3299560546875,0,0.0,0.0
2016-07-08 00:00:00+02:00,1304.6500244140625,1326.760009765625,1300.27001953125,1326.2099609375,0,0.0,0.0
2016-07-11 00:00:00+02:00,1328.72998046875,1351.3599853515625,1328.72998046875,1350.0899658203125,0,0.0,0.0
2016-07-12 00:00:00+02:00,1350.18994140625,1358.760009765625,1346.3900146484375,1354.510009765625,0,0.0,0.0
2016-07-13 00:00:00+02:00,1354.469970703125,1363.4000244140625,1351.760009765625,1356.3499755859375,0,0.0,0.0
2016-07-14 00:00:00+02:00,1356.7900390625,1369.719970703125,1356.7900390625,1364.9200439453125,0,0.0,0.0
2016-07-15 00:00:00+02:00,1365.0899658203125,1377.4000244140625,1361.1099853515625,1372.800048828125,0,0.0,0.0
2016-07-18 00:00:00+02:00,1372.530029296875,1380.06005859375,1360.1199951171875,1368.25,0,0.0,0.0
2016-07-19 00:00:00+02:00,1367.4599609375,1378.719970703125,1360.7900390625,1371.9000244140625,0,0.0,0.0
2016-07-20 00:00:00+02:00,1373.6500244140625,1386.719970703125,1373.6500244140625,1386.5899658203125,0,0.0,0.0
2016-07-21 00:00:00+02:00,1386.300048828125,1390.4599609375,1373.4200439453125,1381.699951171875,0,0.0,0.0
2016-07-22 00:00:00+02:00,1381.300048828125,1382.0799560546875,1372.1600341796875,1377.469970703125,0,0.0,0.0
2016-07-25 00:00:00+02:00,1381.260009765625,1397.030029296875,1381.260009765625,1385.969970703125,0,0.0,0.0
2016-07-26 00:00:00+02:00,1385.969970703125,1389.949951171875,1375.75,1382.72998046875,0,0.0,0.0
2016-07-27 00:00:00+02:00,1383.68994140625,1395.8699951171875,1383.68994140625,1387.510009765625,0,0.0,0.0
2016-07-28 00:00:00+02:00,1387.0899658203125,1393.0699462890625,1379.780029296875,1382.0799560546875,0,0.0,0.0
2016-07-29 00:00:00+02:00,1383.010009765625,1389.8299560546875,1382.0899658203125,1386.6600341796875,0,0.0,0.0
2016-08-01 00:00:00+02:00,1388.8299560546875,1395.739990234375,1374.81005859375,1379.4599609375,0,0.0,0.0
2016-08-02 00:00:00+02:00,1379.56005859375,1380.3699951171875,1357.4300537109375,1358.6199951171875,0,0.0,0.0
2016-08-03 00:00:00+02:00,1359.050048828125,1362.280029296875,1347.0899658203125,1352.3399658203125,0,0.0,0.0
2016-08-04 00:00:00+02:00,1354.030029296875,1366.3499755859375,1354.030029296875,1365.8499755859375,0,0.0,0.0
2016-08-05 00:00:00+02:00,1366.18994140625,1381.1600341796875,1366.1400146484375,1378.8299560546875,0,0.0,0.0
2016-08-08 00:00:00+02:00,1379.7900390625,1388.43994140625,1379.7900390625,1385.6800537109375,0,0.0,0.0
2016-08-09 00:00:00+02:00,1385.550048828125,1411.3499755859375,1382.8699951171875,1411.3499755859375,0,0.0,0.0
2016-08-10 00:00:00+02:00,1410.4300537109375,1410.4300537109375,1403.9599609375,1405.989990234375,0,0.0,0.0
2016-08-11 00:00:00+02:00,1406.3499755859375,1416.9000244140625,1401.1400146484375,1416.9000244140625,0,0.0,0.0
2016-08-12 00:00:00+02:00,1416.9599609375,1419.81005859375,1410.8399658203125,1414.2099609375,0,0.0,0.0
2016-08-15 00:00:00+02:00,1413.949951171875,1424.699951171875,1413.8199462890625,1421.5799560546875,0,0.0,0.0
2016-08-16 00:00:00+02:00,1419.6600341796875,1419.6600341796875,1405.1300048828125,1406.260009765625,0,0.0,0.0
2016-08-17 00:00:00+02:00,1406.489990234375,1411.3299560546875,1389.75,1392.050048828125,0,0.0,0.0
2016-08-18 00:00:00+02:00,1392.739990234375,1405.31005859375,1392.739990234375,1403.02001953125,0,0.0,0.0
2016-08-19 00:00:00+02:00,1403.3199462890625,1405.77001953125,1386.699951171875,1393.6099853515625,0,0.0,0.0
2016-08-22 00:00:00+02:00,1393.31005859375,1403.6600341796875,1387.989990234375,1391.469970703125,0,0.0,0.0
2016-08-23 00:00:00+02:00,1392.47998046875,1408.9200439453125,1392.47998046875,1406.550048828125,0,0.0,0.0
2016-08-24 00:00:00+02:00,1406.2099609375,1419.239990234375,1396.530029296875,1412.93994140625,0,0.0,0.0
2016-08-25 00:00:00+02:00,1411.9100341796875,1411.9100341796875,1401.1300048828125,1405.0799560546875,0,0.0,0.0
2016-08-26 00:00:00+02:00,1403.1400146484375,1414.510009765625,1397.969970703125,1411.6500244140625,0,0.0,0.0
2016-08-29 00:00:00+02:00,1410.1600341796875,1411.97998046875,1400.469970703125,1411.97998046875,0,0.0,0.0
2016-08-30 00:00:00+02:00,1411.97998046875,1423.5,1411.97998046875,1418.4300537109375,0,0.0,0.0
2016-08-31 00:00:00+02:00,1417.989990234375,1429.1099853515625,1416.0,1418.1400146484375,0,0.0,0.0
2016-09-01 00:00:00+02:00,1419.8800048828125,1430.5999755859375,1416.510009765625,1417.5899658203125,0,0.0,0.0
2016-09-02 00:00:00+02:00,1418.25,1437.239990234375,1418.25,1437.239990234375,0,0.0,0.0
2016-09-05 00:00:00+02:00,1437.469970703125,1443.219970703125,1437.469970703125,1440.760009765625,0,0.0,0.0
2016-09-06 00:00:00+02:00,1439.3800048828125,1444.719970703125,1434.1700439453125,1435.18994140625,0,0.0,0.0
2016-09-07 00:00:00+02:00,1437.9200439453125,1443.4599609375,1435.739990234375,1441.52001953125,0,0.0,0.0
2016-09-08 00:00:00+02:00,1441.1400146484375,1443.2099609375,1430.530029296875,1440.030029296875,0,0.0,0.0
2016-09-09 00:00:00+02:00,1439.77001953125,1440.8800048828125,1424.9100341796875,1426.56005859375,0,0.0,0.0
2016-09-12 00:00:00+02:00,1426.5,1426.5,1400.199951171875,1417.3599853515625,0,0.0,0.0
2016-09-13 00:00:00+02:00,1418.1199951171875,1427.1199951171875,1410.7900390625,1410.7900390625,0,0.0,0.0
2016-09-14 00:00:00+02:00,1412.1300048828125,1418.1300048828125,1407.02001953125,1409.8900146484375,0,0.0,0.0
2016-09-15 00:00:00+02:00,1409.9000244140625,1417.6400146484375,1401.5,1416.8299560546875,0,0.0,0.0
2016-09-16 00:00:00+02:00,1415.5,1415.5,1404.02001953125,1405.31005859375,0,0.0,0.0
2016-09-19 00:00:00+02:00,1407.02001953125,1421.47998046875,1407.02001953125,1419.010009765625,0,0.0,0.0
2016-09-20 00:00:00+02:00,1418.75,1424.9000244140625,1415.1199951171875,1418.43994140625,0,0.0,0.0
2016-09-21 00:00:00+02:00,1420.22998046875,1434.7099609375,1420.1400146484375,1422.6600341796875,0,0.0,0.0
2016-09-22 00:00:00+02:00,1423.3499755859375,1448.050048828125,1423.3499755859375,1446.010009765625,0,0.0,0.0
2016-09-23 00:00:00+02:00,1446.0699462890625,1446.0699462890625,1432.31005859375,1437.52001953125,0,0.0,0.0
2016-09-26 00:00:00+02:00,1436.56005859375,1436.56005859375,1415.199951171875,1418.18994140625,0,0.0,0.0
2016-09-27 00:00:00+02:00,1419.030029296875,1428.699951171875,1403.9200439453125,1421.199951171875,0,0.0,0.0
2016-09-28 00:00:00+02:00,1422.5899658203125,1436.0400390625,1422.5899658203125,1425.239990234375,0,0.0,0.0
2016-09-29 00:00:00+02:00,1425.3800048828125,1442.8900146484375,1425.3800048828125,1434.81005859375,0,0.0,0.0
2016-09-30 00:00:00+02:00,1434.6500244140625,1439.0799560546875,1407.989990234375,1439.0799560546875,0,0.0,0.0
2016-10-03 00:00:00+02:00,1439.8299560546875,1450.699951171875,1437.6700439453125,1443.4599609375,0,0.0,0.0
2016-10-04 00:00:00+02:00,1443.280029296875,1456.3499755859375,1442.6300048828125,1456.219970703125,0,0.0,0.0
2016-10-05 00:00:00+02:00,1453.219970703125,1455.219970703125,1445.9599609375,1452.5,0,0.0,0.0
2016-10-06 00:00:00+02:00,1453.1700439453125,1461.510009765625,1452.8199462890625,1458.3800048828125,0,0.0,0.0
2016-10-07 00:00:00+02:00,1458.050048828125,1458.050048828125,1444.9000244140625,1451.6500244140625,0,0.0,0.0
2016-10-10 00:00:00+02:00,1451.72998046875,1467.780029296875,1449.0899658203125,1467.449951171875,0,0.0,0.0
2016-10-11 00:00:00+02:00,1467.06005859375,1468.1600341796875,1454.699951171875,1455.4100341796875,0,0.0,0.0
2016-10-12 00:00:00+02:00,1454.56005859375,1459.699951171875,1442.5,1442.5,0,0.0,0.0
2016-10-13 00:00:00+02:00,1442.5,1442.5,1422.0899658203125,1426.68994140625,0,0.0,0.0
2016-10-14 00:00:00+02:00,1430.31005859375,1447.5799560546875,1430.02001953125,1446.0,0,0.0,0.0
2016-10-17 00:00:00+02:00,1445.5799560546875,1447.239990234375,1436.6600341796875,1438.280029296875,0,0.0,0.0
2016-10-18 00:00:00+02:00,1441.4300537109375,1459.93994140625,1441.4300537109375,1458.6300048828125,0,0.0,0.0
2016-10-19 00:00:00+02:00,1459.1500244140625,1462.6700439453125,1448.050048828125,1455.27001953125,0,0.0,0.0
2016-10-20 00:00:00+02:00,1456.1199951171875,1467.8499755859375,1449.3800048828125,1465.8399658203125,0,0.0,0.0
2016-10-21 00:00:00+02:00,1464.25,1472.06005859375,1458.6300048828125,1464.8499755859375,0,0.0,0.0
2016-10-24 00:00:00+02:00,1464.9599609375,1473.47998046875,1454.989990234375,1456.7900390625,0,0.0,0.0
2016-10-25 00:00:00+02:00,1456.989990234375,1461.0999755859375,1449.8900146484375,1451.27001953125,0,0.0,0.0
2016-10-26 00:00:00+02:00,1454.81005859375,1458.800048828125,1440.68994140625,1454.2099609375,0,0.0,0.0
2016-10-27 00:00:00+02:00,1455.7099609375,1459.6099853515625,1445.5699462890625,1456.550048828125,0,0.0,0.0
2016-10-28 00:00:00+02:00,1455.0,1461.18994140625,1443.0699462890625,1459.3599853515625,0,0.0,0.0
2016-10-31 00:00:00+01:00,1458.9599609375,1458.9599609375,1444.75,1446.3499755859375,0,0.0,0.0
2016-11-01 00:00:00+01:00,1447.1300048828125,1457.010009765625,1431.8699951171875,1431.8699951171875,0,0.0,0.0
2016-11-02 00:00:00+01:00,1431.3699951171875,1431.3699951171875,1416.5,1417.3699951171875,0,0.0,0.0
2016-11-03 00:00:00+01:00,1417.3399658203125,1429.760009765625,1413.9100341796875,1421.010009765625,0,0.0,0.0
2016-11-04 00:00:00+01:00,1420.25,1420.25,1404.5799560546875,1406.0999755859375,0,0.0,0.0
2016-11-07 00:00:00+01:00,1407.8800048828125,1434.1700439453125,1407.8800048828125,1431.77001953125,0,0.0,0.0
2016-11-08 00:00:00+01:00,1432.3900146484375,1441.3699951171875,1427.199951171875,1439.4300537109375,0,0.0,0.0
2016-11-09 00:00:00+01:00,1430.9100341796875,1458.9599609375,1391.81005859375,1456.7099609375,0,0.0,0.0
2016-11-10 00:00:00+01:00,1457.4599609375,1479.31005859375,1453.6800537109375,1460.52001953125,0,0.0,0.0
2016-11-11 00:00:00+01:00,1461.739990234375,1470.52001953125,1449.6600341796875,1451.530029296875,0,0.0,0.0
2016-11-14 00:00:00+01:00,1454.300048828125,1469.5899658203125,1438.4100341796875,1443.0899658203125,0,0.0,0.0
2016-11-15 00:00:00+01:00,1445.5,1467.280029296875,1445.5,1466.4599609375,0,0.0,0.0
2016-11-16 00:00:00+01:00,1466.8199462890625,1473.8299560546875,1454.4599609375,1458.25,0,0.0,0.0
2016-11-17 00:00:00+01:00,1457.3599853515625,1472.6199951171875,1454.1500244140625,1472.050048828125,0,0.0,0.0
2016-11-18 00:00:00+01:00,1473.25,1478.75,1467.699951171875,1476.469970703125,0,0.0,0.0
2016-11-21 00:00:00+01:00,1477.1800537109375,1482.1199951171875,1466.02001953125,1478.5799560546875,0,0.0,0.0
2016-11-22 00:00:00+01:00,1479.1400146484375,1490.2900390625,1478.6199951171875,1485.050048828125,0,0.0,0.0
2016-11-23 00:00:00+01:00,1485.7099609375,1488.6800537109375,1476.3599853515625,1482.6300048828125,0,0.0,0.0
2016-11-24 00:00:00+01:00,1483.3299560546875,1487.719970703125,1479.1800537109375,1484.3299560546875,0,0.0,0.0
2016-11-25 00:00:00+01:00,1484.3399658203125,1491.22998046875,1478.3299560546875,1491.22998046875,0,0.0,0.0
2016-11-28 00:00:00+01:00,1491.06005859375,1491.06005859375,1469.8800048828125,1472.6800537109375,0,0.0,0.0
2016-11-29 00:00:00+01:00,1472.6400146484375,1479.0699462890625,1462.300048828125,1467.1800537109375,0,0.0,0.0
2016-11-30 00:00:00+01:00,1467.030029296875,1484.02001953125,1466.7900390625,1481.1400146484375,0,0.0,0.0
2016-12-01 00:00:00+01:00,1480.530029296875,1482.56005859375,1473.3499755859375,1477.949951171875,0,0.0,0.0
2016-12-02 00:00:00+01:00,1477.9200439453125,1477.9200439453125,1461.6600341796875,1470.0799560546875,0,0.0,0.0
2016-12-05 00:00:00+01:00,1469.8399658203125,1490.6300048828125,1462.9200439453125,1483.2900390625,0,0.0,0.0
2016-12-06 00:00:00+01:00,1483.75,1492.1700439453125,1479.68994140625,1492.1700439453125,0,0.0,0.0
2016-12-07 00:00:00+01:00,1493.1800537109375,1503.97998046875,1493.1800537109375,1503.949951171875,0,0.0,0.0
2016-12-08 00:00:00+01:00,1505.0999755859375,1520.1500244140625,1503.3800048828125,1520.1500244140625,0,0.0,0.0
2016-12-09 00:00:00+01:00,1519.1600341796875,1538.3800048828125,1514.1600341796875,1534.27001953125,0,0.0,0.0
2016-12-12 00:00:00+01:00,1534.0999755859375,1541.0,1529.2900390625,1537.9300537109375,0,0.0,0.0
2016-12-13 00:00:00+01:00,1537.5400390625,1551.9599609375,1535.47998046875,1551.0,0,0.0,0.0
2016-12-14 00:00:00+01:00,1551.0899658203125,1551.0899658203125,1538.6300048828125,1541.3900146484375,0,0.0,0.0
2016-12-15 00:00:00+01:00,1541.3900146484375,1551.1400146484375,1532.0999755859375,1550.52001953125,0,0.0,0.0
2016-12-16 00:00:00+01:00,1550.2099609375,1553.5999755859375,1544.3800048828125,1548.199951171875,0,0.0,0.0
2016-12-19 00:00:00+01:00,1548.0400390625,1552.550048828125,1542.030029296875,1542.7099609375,0,0.0,0.0
2016-12-20 00:00:00+01:00,1542.1800537109375,1547.8599853515625,1535.1199951171875,1536.719970703125,0,0.0,0.0
2016-12-21 00:00:00+01:00,1535.56005859375,1537.3499755859375,1521.6400146484375,1525.469970703125,0,0.0,0.0
2016-12-22 00:00:00+01:00,1525.27001953125,1525.27001953125,1515.6099853515625,1519.5400390625,0,0.0,0.0
2016-12-23 00:00:00+01:00,1519.3499755859375,1528.4200439453125,1519.280029296875,1525.800048828125,0,0.0,0.0
2016-12-27 00:00:00+01:00,1525.7099609375,1536.010009765625,1525.47998046875,1533.31005859375,0,0.0,0.0
2016-12-28 00:00:00+01:00,1532.8599853515625,1532.8599853515625,1526.2900390625,1527.300048828125,0,0.0,0.0
2016-12-29 00:00:00+01:00,1526.699951171875,1526.699951171875,1516.9200439453125,1518.3699951171875,0,0.0,0.0
2016-12-30 00:00:00+01:00,1518.3399658203125,1522.06005859375,1511.280029296875,1517.199951171875,0,0.0,0.0
2017-01-02 00:00:00+01:00,1516.4300537109375,1530.6099853515625,1510.6700439453125,1526.8299560546875,0,0.0,0.0
2017-01-03 00:00:00+01:00,1527.25,1541.199951171875,1526.260009765625,1534.699951171875,0,0.0,0.0
2017-01-04 00:00:00+01:00,1535.1600341796875,1538.77001953125,1527.5899658203125,1530.9300537109375,0,0.0,0.0
2017-01-05 00:00:00+01:00,1530.9300537109375,1530.9300537109375,1521.8800048828125,1522.0999755859375,0,0.0,0.0
2017-01-09 00:00:00+01:00,1522.22998046875,1525.3800048828125,1504.0699462890625,1509.8199462890625,0,0.0,0.0
2017-01-10 00:00:00+01:00,1509.8499755859375,1516.5699462890625,1506.300048828125,1510.0899658203125,0,0.0,0.0
2017-01-11 00:00:00+01:00,1508.7099609375,1517.75,1501.030029296875,1511.8800048828125,0,0.0,0.0
2017-01-12 00:00:00+01:00,1511.9100341796875,1513.239990234375,1499.5799560546875,1503.31005859375,0,0.0,0.0
2017-01-13 00:00:00+01:00,1504.219970703125,1522.489990234375,1504.219970703125,1522.489990234375,0,0.0,0.0
2017-01-16 00:00:00+01:00,1518.27001953125,1518.27001953125,1511.0699462890625,1512.969970703125,0,0.0,0.0
2017-01-17 00:00:00+01:00,1512.8599853515625,1514.5799560546875,1498.739990234375,1507.3199462890625,0,0.0,0.0
2017-01-18 00:00:00+01:00,1508.050048828125,1515.989990234375,1503.1099853515625,1515.989990234375,0,0.0,0.0
2017-01-19 00:00:00+01:00,1516.0,1521.9200439453125,1508.47998046875,1513.9200439453125,0,0.0,0.0
2017-01-20 00:00:00+01:00,1513.77001953125,1527.3800048828125,1507.780029296875,1525.489990234375,0,0.0,0.0
2017-01-23 00:00:00+01:00,1524.3699951171875,1524.3699951171875,1503.050048828125,1504.68994140625,0,0.0,0.0
2017-01-24 00:00:00+01:00,1504.9100341796875,1522.8699951171875,1504.9100341796875,1522.8499755859375,0,0.0,0.0
2017-01-25 00:00:00+01:00,1523.989990234375,1545.989990234375,1523.989990234375,1545.989990234375,0,0.0,0.0
2017-01-26 00:00:00+01:00,1551.9599609375,1563.52001953125,1551.219970703125,1553.8900146484375,0,0.0,0.0
2017-01-27 00:00:00+01:00,1553.7900390625,1553.7900390625,1536.77001953125,1538.760009765625,0,0.0,0.0
2017-01-30 00:00:00+01:00,1538.5,1538.5,1526.469970703125,1528.8900146484375,0,0.0,0.0
2017-01-31 00:00:00+01:00,1528.6300048828125,1548.1400146484375,1528.6300048828125,1536.75,0,0.0,0.0
2017-02-01 00:00:00+01:00,1537.469970703125,1554.1500244140625,1537.469970703125,1547.31005859375,0,0.0,0.0
2017-02-02 00:00:00+01:00,1547.3499755859375,1554.5799560546875,1544.5999755859375,1551.8499755859375,0,0.0,0.0
2017-02-03 00:00:00+01:00,1552.0999755859375,1559.1300048828125,1550.1099853515625,1557.31005859375,0,0.0,0.0
2017-02-06 00:00:00+01:00,1557.3800048828125,1558.9200439453125,1547.3900146484375,1548.9000244140625,0,0.0,0.0
2017-02-07 00:00:00+01:00,1549.260009765625,1560.7099609375,1545.72998046875,1550.93994140625,0,0.0,0.0
2017-02-08 00:00:00+01:00,1550.219970703125,1552.25,1540.030029296875,1549.239990234375,0,0.0,0.0
2017-02-09 00:00:00+01:00,1549.4000244140625,1557.5,1545.68994140625,1557.5,0,0.0,0.0
2017-02-10 00:00:00+01:00,1559.219970703125,1568.2099609375,1556.6600341796875,1562.72998046875,0,0.0,0.0
2017-02-13 00:00:00+01:00,1563.0799560546875,1572.530029296875,1563.0799560546875,1572.1800537109375,0,0.0,0.0
2017-02-14 00:00:00+01:00,1572.3599853515625,1573.1099853515625,1563.739990234375,1569.75,0,0.0,0.0
2017-02-15 00:00:00+01:00,1570.760009765625,1577.72998046875,1568.1700439453125,1574.02001953125,0,0.0,0.0
2017-02-16 00:00:00+01:00,1574.1500244140625,1580.989990234375,1572.27001953125,1576.3299560546875,0,0.0,0.0
2017-02-17 00:00:00+01:00,1576.06005859375,1578.9100341796875,1566.469970703125,1570.5899658203125,0,0.0,0.0
2017-02-20 00:00:00+01:00,1572.5799560546875,1582.780029296875,1572.5799560546875,1576.3299560546875,0,0.0,0.0
2017-02-21 00:00:00+01:00,1576.56005859375,1592.75,1570.010009765625,1590.0899658203125,0,0.0,0.0
2017-02-22 00:00:00+01:00,1589.199951171875,1593.8800048828125,1578.550048828125,1582.1300048828125,0,0.0,0.0
2017-02-23 00:00:00+01:00,1582.1600341796875,1593.6099853515625,1582.1600341796875,1588.300048828125,0,0.0,0.0
2017-02-24 00:00:00+01:00,1587.81005859375,1589.510009765625,1563.0400390625,1569.8599853515625,0,0.0,0.0
2017-02-27 00:00:00+01:00,1571.449951171875,1577.06005859375,1561.6400146484375,1564.6300048828125,0,0.0,0.0
2017-02-28 00:00:00+01:00,1564.8599853515625,1572.72998046875,1561.5899658203125,1570.1700439453125,0,0.0,0.0
2017-03-01 00:00:00+01:00,1570.9599609375,1594.56005859375,1570.9599609375,1591.3699951171875,0,0.0,0.0
2017-03-02 00:00:00+01:00,1591.3199462890625,1594.4599609375,1578.27001953125,1580.530029296875,0,0.0,0.0
2017-03-03 00:00:00+01:00,1579.5699462890625,1585.6099853515625,1573.989990234375,1581.3199462890625,0,0.0,0.0
2017-03-06 00:00:00+01:00,1581.2900390625,1581.2900390625,1571.06005859375,1575.52001953125,0,0.0,0.0
2017-03-07 00:00:00+01:00,1575.5400390625,1578.25,1567.5899658203125,1575.77001953125,0,0.0,0.0
2017-03-08 00:00:00+01:00,1575.780029296875,1583.219970703125,1574.2099609375,1578.22998046875,0,0.0,0.0
2017-03-09 00:00:00+01:00,1577.75,1585.43994140625,1572.5999755859375,1583.72998046875,0,0.0,0.0
2017-03-10 00:00:00+01:00,1584.0899658203125,1595.0,1584.0899658203125,1587.9300537109375,0,0.0,0.0
2017-03-13 00:00:00+01:00,1587.8800048828125,1599.8299560546875,1586.010009765625,1594.7099609375,0,0.0,0.0
2017-03-14 00:00:00+01:00,1594.780029296875,1595.1600341796875,1576.510009765625,1586.0,0,0.0,0.0
2017-03-15 00:00:00+01:00,1586.5899658203125,1590.22998046875,1581.219970703125,1588.8900146484375,0,0.0,0.0
2017-03-16 00:00:00+01:00,1591.1300048828125,1603.06005859375,1585.5999755859375,1593.25,0,0.0,0.0
2017-03-17 00:00:00+01:00,1593.93994140625,1593.93994140625,1578.469970703125,1584.969970703125,0,0.0,0.0
2017-03-20 00:00:00+01:00,1583.530029296875,1587.7900390625,1581.4000244140625,1583.25,0,0.0,0.0
2017-03-21 00:00:00+01:00,1583.81005859375,1588.6300048828125,1569.0,1570.8800048828125,0,0.0,0.0
2017-03-22 00:00:00+01:00,1569.93994140625,1569.93994140625,1551.239990234375,1562.9599609375,0,0.0,0.0
2017-03-23 00:00:00+01:00,1563.6400146484375,1581.5699462890625,1560.8399658203125,1581.280029296875,0,0.0,0.0
2017-03-24 00:00:00+01:00,1580.9100341796875,1582.0400390625,1573.0699462890625,1579.699951171875,0,0.0,0.0
2017-03-27 00:00:00+02:00,1578.31005859375,1578.31005859375,1556.449951171875,1574.510009765625,0,0.0,0.0
2017-03-28 00:00:00+02:00,1575.0799560546875,1581.300048828125,1567.8499755859375,1580.0899658203125,0,0.0,0.0
2017-03-29 00:00:00+02:00,1580.530029296875,1587.0799560546875,1576.3900146484375,1584.4300537109375,0,0.0,0.0
2017-03-30 00:00:00+02:00,1585.1700439453125,1585.1700439453125,1572.1600341796875,1583.8800048828125,0,0.0,0.0
2017-03-31 00:00:00+02:00,1583.6600341796875,1590.52001953125,1570.219970703125,1587.6300048828125,0,0.0,0.0
2017-04-03 00:00:00+02:00,1587.8699951171875,1591.1300048828125,1570.5699462890625,1571.4100341796875,0,0.0,0.0
2017-04-04 00:00:00+02:00,1571.300048828125,1578.6199951171875,1564.280029296875,1567.300048828125,0,0.0,0.0
2017-04-05 00:00:00+02:00,1567.510009765625,1568.4200439453125,1557.0899658203125,1558.56005859375,0,0.0,0.0
2017-04-06 00:00:00+02:00,1558.4300537109375,1564.0699462890625,1543.699951171875,1564.050048828125,0,0.0,0.0
2017-04-07 00:00:00+02:00,1562.8199462890625,1569.72998046875,1553.4300537109375,1569.6700439453125,0,0.0,0.0
2017-04-10 00:00:00+02:00,1569.800048828125,1572.6099853515625,1566.050048828125,1572.469970703125,0,0.0,0.0
2017-04-11 00:00:00+02:00,1572.0999755859375,1577.6300048828125,1564.8800048828125,1570.9100341796875,0,0.0,0.0
2017-04-12 00:00:00+02:00,1571.02001953125,1585.449951171875,1571.02001953125,1575.02001953125,0,0.0,0.0
2017-04-13 00:00:00+02:00,1573.780029296875,1575.8499755859375,1567.4100341796875,1572.81005859375,0,0.0,0.0
2017-04-18 00:00:00+02:00,1574.3499755859375,1576.7099609375,1553.0699462890625,1557.2099609375,109950600,0.0,0.0
2017-04-19 00:00:00+02:00,1557.0999755859375,1571.219970703125,1552.4599609375,1565.72998046875,0,0.0,0.0
2017-04-20 00:00:00+02:00,1565.719970703125,1571.6700439453125,1560.9300537109375,1568.739990234375,0,0.0,0.0
2017-04-21 00:00:00+02:00,1568.489990234375,1578.260009765625,1567.47998046875,1573.25,0,0.0,0.0
2017-04-24 00:00:00+02:00,1574.0999755859375,1609.27001953125,1574.0999755859375,1609.27001953125,0,0.0,0.0
2017-04-25 00:00:00+02:00,1609.5899658203125,1620.6400146484375,1606.8900146484375,1617.050048828125,0,0.0,0.0
2017-04-26 00:00:00+02:00,1617.0799560546875,1621.93994140625,1608.989990234375,1620.280029296875,0,0.0,0.0
2017-04-27 00:00:00+02:00,1617.3499755859375,1620.739990234375,1614.5699462890625,1616.5799560546875,0,0.0,0.0
2017-04-28 00:00:00+02:00,1616.699951171875,1627.72998046875,1616.3299560546875,1626.989990234375,0,0.0,0.0
2017-05-02 00:00:00+02:00,1626.989990234375,1636.510009765625,1626.030029296875,1636.510009765625,0,0.0,0.0
2017-05-03 00:00:00+02:00,1636.5,1636.5,1626.4300537109375,1633.989990234375,0,0.0,0.0
2017-05-04 00:00:00+02:00,1635.68994140625,1640.7099609375,1632.9100341796875,1638.3299560546875,0,0.0,0.0
2017-05-05 00:00:00+02:00,1638.3299560546875,1642.0400390625,1632.3299560546875,1642.0400390625,0,0.0,0.0
2017-05-08 00:00:00+02:00,1642.06005859375,1645.800048828125,1629.68994140625,1639.489990234375,0,0.0,0.0
2017-05-09 00:00:00+02:00,1640.0699462890625,1654.5400390625,1640.0699462890625,1653.1099853515625,0,0.0,0.0
2017-05-10 00:00:00+02:00,1652.1400146484375,1652.1400146484375,1642.0799560546875,1649.6500244140625,0,0.0,0.0
2017-05-11 00:00:00+02:00,1649.0400390625,1649.1700439453125,1637.8800048828125,1642.02001953125,0,0.0,0.0
2017-05-12 00:00:00+02:00,1643.8299560546875,1647.280029296875,1640.7900390625,1646.449951171875,0,0.0,0.0
2017-05-15 00:00:00+02:00,1647.25,1650.72998046875,1644.739990234375,1649.8399658203125,0,0.0,0.0
2017-05-16 00:00:00+02:00,1649.8399658203125,1657.1300048828125,1646.77001953125,1653.06005859375,0,0.0,0.0
2017-05-17 00:00:00+02:00,1653.06005859375,1653.06005859375,1624.550048828125,1628.3699951171875,0,0.0,0.0
2017-05-18 00:00:00+02:00,1627.1099853515625,1628.52001953125,1604.2900390625,1615.27001953125,0,0.0,0.0
2017-05-19 00:00:00+02:00,1616.1400146484375,1631.81005859375,1616.1400146484375,1629.2099609375,0,0.0,0.0
2017-05-22 00:00:00+02:00,1630.300048828125,1635.6099853515625,1626.02001953125,1629.2099609375,0,0.0,0.0
2017-05-23 00:00:00+02:00,1629.1800537109375,1641.77001953125,1628.7900390625,1641.7099609375,0,0.0,0.0
2017-05-24 00:00:00+02:00,1641.7099609375,1641.7099609375,1634.25,1638.8900146484375,0,0.0,0.0
2017-05-26 00:00:00+02:00,1638.989990234375,1640.1199951171875,1626.43994140625,1635.77001953125,103100500,0.0,0.0
2017-05-29 00:00:00+02:00,1635.77001953125,1636.02001953125,1629.8299560546875,1631.9100341796875,0,0.0,0.0
2017-05-30 00:00:00+02:00,1631.800048828125,1640.0799560546875,1623.8599853515625,1639.739990234375,0,0.0,0.0
2017-05-31 00:00:00+02:00,1639.739990234375,1650.260009765625,1635.2900390625,1639.1099853515625,0,0.0,0.0
2017-06-01 00:00:00+02:00,1639.300048828125,1646.81005859375,1636.010009765625,1641.3199462890625,0,0.0,0.0
2017-06-02 00:00:00+02:00,1644.2099609375,1656.02001953125,1644.2099609375,1646.6700439453125,0,0.0,0.0
2017-06-05 00:00:00+02:00,1647.530029296875,1649.300048828125,1637.8499755859375,1637.9000244140625,0,0.0,0.0
2017-06-07 00:00:00+02:00,1637.449951171875,1648.469970703125,1630.6800537109375,1640.5400390625,0,0.0,0.0
2017-06-08 00:00:00+02:00,1640.5400390625,1651.719970703125,1640.1500244140625,1643.77001953125,0,0.0,0.0
2017-06-09 00:00:00+02:00,1643.77001953125,1656.0899658203125,1642.199951171875,1654.800048828125,0,0.0,0.0
2017-06-12 00:00:00+02:00,1654.6500244140625,1654.6500244140625,1584.3699951171875,1638.800048828125,0,0.0,0.0
2017-06-13 00:00:00+02:00,1638.800048828125,1653.52001953125,1638.800048828125,1648.6099853515625,0,0.0,0.0
2017-06-14 00:00:00+02:00,1649.06005859375,1657.199951171875,1638.3800048828125,1639.5999755859375,0,0.0,0.0
2017-06-15 00:00:00+02:00,1641.52001953125,1641.52001953125,1616.219970703125,1624.969970703125,0,0.0,0.0
2017-06-16 00:00:00+02:00,1625.8199462890625,1638.4200439453125,1625.8199462890625,1635.9300537109375,0,0.0,0.0
2017-06-19 00:00:00+02:00,1636.780029296875,1655.0799560546875,1636.780029296875,1653.4000244140625,0,0.0,0.0
2017-06-20 00:00:00+02:00,1653.719970703125,1658.8699951171875,1647.6700439453125,1647.6700439453125,93010000,0.0,0.0
2017-06-21 00:00:00+02:00,1647.6700439453125,1647.6700439453125,1631.3399658203125,1641.7099609375,0,0.0,0.0
2017-06-22 00:00:00+02:00,1641.68994140625,1645.3599853515625,1634.18994140625,1645.3599853515625,0,0.0,0.0
2017-06-26 00:00:00+02:00,1645.4599609375,1654.8800048828125,1641.22998046875,1643.52001953125,0,0.0,0.0
2017-06-27 00:00:00+02:00,1643.52001953125,1643.52001953125,1628.5400390625,1628.5400390625,0,0.0,0.0
2017-06-28 00:00:00+02:00,1628.5400390625,1630.97998046875,1611.800048828125,1630.97998046875,95250900,0.0,0.0
2017-06-29 00:00:00+02:00,1630.97998046875,1643.719970703125,1612.3900146484375,1613.219970703125,0,0.0,0.0
2017-06-30 00:00:00+02:00,1613.219970703125,1620.47998046875,1602.530029296875,1602.530029296875,0,0.0,0.0
2017-07-03 00:00:00+02:00,1602.699951171875,1628.550048828125,1602.699951171875,1627.4100341796875,0,0.0,0.0
2017-07-04 00:00:00+02:00,1627.010009765625,1627.2900390625,1617.47998046875,1621.6700439453125,0,0.0,0.0
2017-07-05 00:00:00+02:00,1621.7099609375,1629.27001953125,1614.219970703125,1627.2099609375,0,0.0,0.0
2017-07-06 00:00:00+02:00,1627.2099609375,1627.2099609375,1609.97998046875,1620.989990234375,0,0.0,0.0
2017-07-07 00:00:00+02:00,1620.9599609375,1623.1700439453125,1614.6400146484375,1617.0,0,0.0,0.0
2017-07-10 00:00:00+02:00,1617.0,1627.81005859375,1617.0,1624.81005859375,0,0.0,0.0
2017-07-11 00:00:00+02:00,1624.81005859375,1631.2900390625,1620.68994140625,1621.5699462890625,0,0.0,0.0
2017-07-12 00:00:00+02:00,1621.5699462890625,1650.699951171875,1621.5699462890625,1650.5899658203125,0,0.0,0.0
2017-07-13 00:00:00+02:00,1650.6300048828125,1651.1500244140625,1640.449951171875,1642.489990234375,0,0.0,0.0
2017-07-14 00:00:00+02:00,1643.0699462890625,1649.8299560546875,1641.4100341796875,1646.8299560546875,0,0.0,0.0
2017-07-17 00:00:00+02:00,1646.8699951171875,1651.6300048828125,1629.0999755859375,1639.3299560546875,0,0.0,0.0
2017-07-18 00:00:00+02:00,1639.3299560546875,1639.3499755859375,1605.3699951171875,1607.3599853515625,0,0.0,0.0
2017-07-19 00:00:00+02:00,1607.3599853515625,1618.5699462890625,1592.510009765625,1609.9599609375,0,0.0,0.0
2017-07-20 00:00:00+02:00,1601.3199462890625,1612.52001953125,1593.1500244140625,1597.8399658203125,0,0.0,0.0
2017-07-21 00:00:00+02:00,1597.449951171875,1597.449951171875,1574.699951171875,1581.3699951171875,0,0.0,0.0
2017-07-24 00:00:00+02:00,1581.3699951171875,1583.6099853515625,1566.8800048828125,1566.8800048828125,0,0.0,0.0
2017-07-25 00:00:00+02:00,1567.3599853515625,1575.3199462890625,1567.3599853515625,1568.9100341796875,0,0.0,0.0
2017-07-26 00:00:00+02:00,1568.81005859375,1581.52001953125,1565.02001953125,1580.219970703125,0,0.0,0.0
2017-07-27 00:00:00+02:00,1579.81005859375,1581.1099853515625,1570.239990234375,1570.47998046875,0,0.0,0.0
2017-07-28 00:00:00+02:00,1570.47998046875,1570.7900390625,1550.6500244140625,1557.56005859375,0,0.0,0.0
2017-07-31 00:00:00+02:00,1557.1700439453125,1561.9599609375,1548.06005859375,1548.18994140625,0,0.0,0.0
2017-08-01 00:00:00+02:00,1548.18994140625,1569.56005859375,1548.18994140625,1566.31005859375,0,0.0,0.0
2017-08-02 00:00:00+02:00,1566.31005859375,1573.449951171875,1558.949951171875,1563.199951171875,0,0.0,0.0
2017-08-03 00:00:00+02:00,1563.1700439453125,1567.050048828125,1554.449951171875,1559.6600341796875,0,0.0,0.0
2017-08-04 00:00:00+02:00,1559.469970703125,1577.6099853515625,1556.6800537109375,1573.469970703125,0,0.0,0.0
2017-08-07 00:00:00+02:00,1573.469970703125,1578.8800048828125,1569.4300537109375,1575.469970703125,0,0.0,0.0
2017-08-08 00:00:00+02:00,1575.469970703125,1583.1400146484375,1571.3599853515625,1581.3199462890625,0,0.0,0.0
2017-08-09 00:00:00+02:00,1581.3199462890625,1581.3199462890625,1562.77001953125,1571.199951171875,0,0.0,0.0
2017-08-10 00:00:00+02:00,1571.1199951171875,1571.1199951171875,1554.75,1554.75,0,0.0,0.0
2017-08-11 00:00:00+02:00,1554.75,1554.75,1535.6500244140625,1538.9599609375,0,0.0,0.0
2017-08-14 00:00:00+02:00,1538.9599609375,1556.3499755859375,1538.9599609375,1554.5799560546875,0,0.0,0.0
2017-08-15 00:00:00+02:00,1554.5799560546875,1560.5,1542.489990234375,1543.3699951171875,0,0.0,0.0
2017-08-16 00:00:00+02:00,1543.3699951171875,1556.550048828125,1543.3699951171875,1552.1600341796875,0,0.0,0.0
2017-08-17 00:00:00+02:00,1552.1600341796875,1552.5,1538.719970703125,1540.0899658203125,0,0.0,0.0
2017-08-18 00:00:00+02:00,1540.0899658203125,1540.0899658203125,1524.3599853515625,1532.1199951171875,0,0.0,0.0
2017-08-21 00:00:00+02:00,1532.1199951171875,1532.1199951171875,1519.219970703125,1524.25,0,0.0,0.0
2017-08-22 00:00:00+02:00,1524.25,1543.989990234375,1524.25,1543.760009765625,0,0.0,0.0
2017-08-23 00:00:00+02:00,1543.760009765625,1546.8199462890625,1538.72998046875,1542.1400146484375,0,0.0,0.0
2017-08-24 00:00:00+02:00,1542.1400146484375,1546.8599853515625,1537.989990234375,1537.989990234375,0,0.0,0.0
2017-08-25 00:00:00+02:00,1537.989990234375,1551.6199951171875,1537.969970703125,1540.8199462890625,0,0.0,0.0
2017-08-28 00:00:00+02:00,1540.8199462890625,1543.800048828125,1532.4300537109375,1536.8800048828125,0,0.0,0.0
2017-08-29 00:00:00+02:00,1536.8800048828125,1536.8800048828125,1517.77001953125,1520.9000244140625,0,0.0,0.0
2017-08-30 00:00:00+02:00,1520.9000244140625,1537.8800048828125,1520.9000244140625,1535.9599609375,0,0.0,0.0
2017-08-31 00:00:00+02:00,1535.9599609375,1550.550048828125,1535.9599609375,1546.8599853515625,0,0.0,0.0
2017-09-01 00:00:00+02:00,1546.8599853515625,1560.8699951171875,1546.8599853515625,1558.7900390625,0,0.0,0.0
2017-09-04 00:00:00+02:00,1558.7900390625,1558.7900390625,1546.31005859375,1551.8900146484375,0,0.0,0.0
2017-09-05 00:00:00+02:00,1551.8900146484375,1555.8499755859375,1545.0999755859375,1546.989990234375,0,0.0,0.0
2017-09-06 00:00:00+02:00,1546.989990234375,1546.989990234375,1536.449951171875,1541.27001953125,0,0.0,0.0
2017-09-07 00:00:00+02:00,1541.27001953125,1553.8699951171875,1537.739990234375,1553.02001953125,0,0.0,0.0
2017-09-08 00:00:00+02:00,1553.02001953125,1553.22998046875,1545.280029296875,1552.3199462890625,0,0.0,0.0
2017-09-11 00:00:00+02:00,1552.780029296875,1573.3399658203125,1552.780029296875,1572.1600341796875,0,0.0,0.0
2017-09-12 00:00:00+02:00,1572.1600341796875,1581.1300048828125,1572.1300048828125,1580.1300048828125,0,0.0,0.0
2017-09-13 00:00:00+02:00,1580.1300048828125,1580.9000244140625,1575.760009765625,1580.0400390625,0,0.0,0.0
2017-09-14 00:00:00+02:00,1580.0400390625,1587.97998046875,1578.5699462890625,1587.52001953125,0,0.0,0.0
2017-09-15 00:00:00+02:00,1587.52001953125,1591.3199462890625,1577.2900390625,1578.8699951171875,0,0.0,0.0
2017-09-18 00:00:00+02:00,1578.8699951171875,1586.8199462890625,1578.31005859375,1582.780029296875,0,0.0,0.0
2017-09-19 00:00:00+02:00,1582.780029296875,1586.219970703125,1580.760009765625,1584.4300537109375,0,0.0,0.0
2017-09-20 00:00:00+02:00,1584.4300537109375,1588.47998046875,1581.9000244140625,1585.3800048828125,0,0.0,0.0
2017-09-21 00:00:00+02:00,1585.3800048828125,1597.56005859375,1585.3800048828125,1596.31005859375,0,0.0,0.0
2017-09-22 00:00:00+02:00,1595.9100341796875,1600.77001953125,1591.699951171875,1600.77001953125,0,0.0,0.0
2017-09-25 00:00:00+02:00,1600.77001953125,1608.489990234375,1598.8399658203125,1604.0999755859375,0,0.0,0.0
2017-09-26 00:00:00+02:00,1604.0999755859375,1614.1199951171875,1601.8599853515625,1610.760009765625,0,0.0,0.0
2017-09-27 00:00:00+02:00,1610.760009765625,1627.68994140625,1610.760009765625,1623.77001953125,0,0.0,0.0
2017-09-28 00:00:00+02:00,1624.5699462890625,1627.31005859375,1618.8499755859375,1624.97998046875,0,0.0,0.0
2017-09-29 00:00:00+02:00,1624.97998046875,1637.8199462890625,1620.969970703125,1637.8199462890625,0,0.0,0.0
2017-10-02 00:00:00+02:00,1637.8199462890625,1641.6500244140625,1634.68994140625,1640.6500244140625,0,0.0,0.0
2017-10-03 00:00:00+02:00,1640.6500244140625,1650.4599609375,1640.6500244140625,1649.1800537109375,0,0.0,0.0
2017-10-04 00:00:00+02:00,1649.1800537109375,1651.72998046875,1645.5699462890625,1651.0899658203125,0,0.0,0.0
2017-10-05 00:00:00+02:00,1651.0899658203125,1655.969970703125,1646.3299560546875,1653.1500244140625,0,0.0,0.0
2017-10-06 00:00:00+02:00,1653.1500244140625,1655.1700439453125,1643.199951171875,1646.280029296875,0,0.0,0.0
2017-10-09 00:00:00+02:00,1646.280029296875,1653.760009765625,1646.280029296875,1647.9200439453125,0,0.0,0.0
2017-10-10 00:00:00+02:00,1647.9200439453125,1651.1300048828125,1642.2099609375,1644.3399658203125,0,0.0,0.0
2017-10-11 00:00:00+02:00,1644.3399658203125,1647.219970703125,1638.219970703125,1641.699951171875,0,0.0,0.0
2017-10-12 00:00:00+02:00,1642.2900390625,1649.4200439453125,1637.800048828125,1644.6500244140625,0,0.0,0.0
2017-10-13 00:00:00+02:00,1644.6500244140625,1644.8399658203125,1638.6199951171875,1642.489990234375,0,0.0,0.0
2017-10-16 00:00:00+02:00,1642.489990234375,1644.18994140625,1637.3699951171875,1638.3299560546875,0,0.0,0.0
2017-10-17 00:00:00+02:00,1638.3299560546875,1641.300048828125,1636.0899658203125,1636.93994140625,0,0.0,0.0
2017-10-18 00:00:00+02:00,1636.93994140625,1648.699951171875,1634.2099609375,1644.72998046875,0,0.0,0.0
2017-10-19 00:00:00+02:00,1644.72998046875,1647.3199462890625,1635.4599609375,1646.9599609375,0,0.0,0.0
2017-10-20 00:00:00+02:00,1646.9599609375,1671.4100341796875,1646.6800537109375,1667.5,0,0.0,0.0
2017-10-23 00:00:00+02:00,1667.5,1669.4200439453125,1660.800048828125,1661.5400390625,0,0.0,0.0
2017-10-24 00:00:00+02:00,1661.5400390625,1661.5400390625,1644.72998046875,1650.469970703125,0,0.0,0.0
2017-10-25 00:00:00+02:00,1650.469970703125,1657.4200439453125,1642.18994140625,1649.739990234375,0,0.0,0.0
2017-10-26 00:00:00+02:00,1649.739990234375,1659.6500244140625,1641.280029296875,1658.7900390625,0,0.0,0.0
2017-10-27 00:00:00+02:00,1659.0400390625,1666.0699462890625,1658.7900390625,1665.02001953125,0,0.0,0.0
2017-10-30 00:00:00+01:00,1665.02001953125,1667.260009765625,1659.4599609375,1662.3199462890625,0,0.0,0.0
2017-10-31 00:00:00+01:00,1662.3199462890625,1675.6099853515625,1662.3199462890625,1671.6300048828125,0,0.0,0.0
2017-11-01 00:00:00+01:00,1671.6300048828125,1681.1300048828125,1671.3199462890625,1672.030029296875,0,0.0,0.0
2017-11-02 00:00:00+01:00,1672.030029296875,1674.77001953125,1665.4200439453125,1672.780029296875,0,0.0,0.0
2017-11-03 00:00:00+01:00,1672.780029296875,1678.449951171875,1672.780029296875,1677.6500244140625,0,0.0,0.0
2017-11-06 00:00:00+01:00,1677.3599853515625,1681.75,1671.5999755859375,1676.1400146484375,0,0.0,0.0
2017-11-07 00:00:00+01:00,1676.27001953125,1681.6700439453125,1669.97998046875,1670.239990234375,0,0.0,0.0
2017-11-08 00:00:00+01:00,1670.239990234375,1672.760009765625,1657.1300048828125,1662.989990234375,0,0.0,0.0
2017-11-09 00:00:00+01:00,1662.989990234375,1662.989990234375,1641.18994140625,1643.260009765625,0,0.0,0.0
2017-11-10 00:00:00+01:00,1643.260009765625,1646.1500244140625,1634.219970703125,1634.6800537109375,0,0.0,0.0
2017-11-13 00:00:00+01:00,1634.6800537109375,1634.8699951171875,1618.4599609375,1630.510009765625,0,0.0,0.0
2017-11-14 00:00:00+01:00,1630.510009765625,1635.550048828125,1623.0899658203125,1628.47998046875,0,0.0,0.0
2017-11-15 00:00:00+01:00,1628.47998046875,1628.47998046875,1612.489990234375,1627.0,0,0.0,0.0
2017-11-16 00:00:00+01:00,1627.1700439453125,1636.9599609375,1624.8900146484375,1633.6600341796875,0,0.0,0.0
2017-11-17 00:00:00+01:00,1633.6600341796875,1633.93994140625,1613.9000244140625,1617.699951171875,0,0.0,0.0
2017-11-20 00:00:00+01:00,1617.699951171875,1626.02001953125,1607.77001953125,1623.5400390625,0,0.0,0.0
2017-11-21 00:00:00+01:00,1623.5400390625,1639.9200439453125,1618.6500244140625,1636.6500244140625,0,0.0,0.0
2017-11-22 00:00:00+01:00,1636.6500244140625,1637.989990234375,1617.52001953125,1617.52001953125,0,0.0,0.0
2017-11-23 00:00:00+01:00,1616.6400146484375,1616.7900390625,1607.6400146484375,1612.5699462890625,113657300,0.0,0.0
2017-11-24 00:00:00+01:00,1612.5699462890625,1620.25,1606.5999755859375,1614.6199951171875,0,0.0,0.0
2017-11-27 00:00:00+01:00,1614.6199951171875,1618.8499755859375,1607.1500244140625,1608.739990234375,0,0.0,0.0
2017-11-28 00:00:00+01:00,1608.739990234375,1622.1099853515625,1608.31005859375,1620.81005859375,0,0.0,0.0
2017-11-29 00:00:00+01:00,1621.0799560546875,1628.760009765625,1613.56005859375,1613.56005859375,0,0.0,0.0
2017-11-30 00:00:00+01:00,1613.56005859375,1624.469970703125,1609.0999755859375,1610.1099853515625,0,0.0,0.0
2017-12-01 00:00:00+01:00,1609.25,1611.0699462890625,1592.199951171875,1592.199951171875,0,0.0,0.0
2017-12-04 00:00:00+01:00,1595.5899658203125,1624.050048828125,1595.5899658203125,1616.800048828125,0,0.0,0.0
2017-12-05 00:00:00+01:00,1616.6199951171875,1620.449951171875,1607.030029296875,1613.3599853515625,0,0.0,0.0
2017-12-06 00:00:00+01:00,1609.2099609375,1609.2099609375,1591.25,1595.43994140625,0,0.0,0.0
2017-12-07 00:00:00+01:00,1596.280029296875,1606.93994140625,1594.77001953125,1599.2900390625,0,0.0,0.0
2017-12-08 00:00:00+01:00,1599.5699462890625,1621.3800048828125,1599.5699462890625,1610.8199462890625,0,0.0,0.0
2017-12-11 00:00:00+01:00,1610.9300537109375,1627.93994140625,1610.9300537109375,1619.469970703125,0,0.0,0.0
2017-12-12 00:00:00+01:00,1620.7900390625,1625.050048828125,1612.969970703125,1623.75,0,0.0,0.0
2017-12-13 00:00:00+01:00,1623.75,1624.3199462890625,1584.530029296875,1619.8199462890625,0,0.0,0.0
2017-12-14 00:00:00+01:00,1618.010009765625,1622.0799560546875,1609.5999755859375,1609.5999755859375,0,0.0,0.0
2017-12-15 00:00:00+01:00,1609.3900146484375,1610.5899658203125,1585.7900390625,1594.3499755859375,0,0.0,0.0
2017-12-18 00:00:00+01:00,1593.7099609375,1616.260009765625,1593.7099609375,1615.6300048828125,0,0.0,0.0
2017-12-19 00:00:00+01:00,1615.47998046875,1620.5699462890625,1610.6199951171875,1611.4300537109375,0,0.0,0.0
2017-12-20 00:00:00+01:00,1611.8699951171875,1613.68994140625,1597.4200439453125,1600.2900390625,0,0.0,0.0
2017-12-21 00:00:00+01:00,1599.989990234375,1616.97998046875,1593.260009765625,1616.27001953125,0,0.0,0.0
2017-12-22 00:00:00+01:00,1615.97998046875,1616.219970703125,1602.1099853515625,1606.25,0,0.0,0.0
2017-12-27 00:00:00+01:00,1606.3599853515625,1613.760009765625,1589.780029296875,1594.989990234375,0,0.0,0.0
2017-12-28 00:00:00+01:00,1594.949951171875,1594.949951171875,1584.25,1588.510009765625,0,0.0,0.0
2017-12-29 00:00:00+01:00,1588.56005859375,1591.5799560546875,1573.56005859375,1576.93994140625,0,0.0,0.0
2018-01-02 00:00:00+01:00,1577.0799560546875,1583.3800048828125,1573.760009765625,1579.8199462890625,0,0.0,0.0
2018-01-03 00:00:00+01:00,1580.2099609375,1591.0999755859375,1577.6099853515625,1587.56005859375,0,0.0,0.0
2018-01-04 00:00:00+01:00,1587.8800048828125,1606.7099609375,1587.8800048828125,1603.6700439453125,0,0.0,0.0
2018-01-05 00:00:00+01:00,1604.0799560546875,1611.31005859375,1604.0799560546875,1611.31005859375,0,0.0,0.0
2018-01-08 00:00:00+01:00,1612.97998046875,1622.4100341796875,1612.97998046875,1619.1300048828125,0,0.0,0.0
2018-01-09 00:00:00+01:00,1618.9000244140625,1633.9599609375,1618.9000244140625,1632.2900390625,0,0.0,0.0
2018-01-10 00:00:00+01:00,1631.780029296875,1631.9100341796875,1621.8499755859375,1629.2900390625,0,0.0,0.0
2018-01-11 00:00:00+01:00,1629.75,1632.9000244140625,1620.52001953125,1630.2900390625,0,0.0,0.0
2018-01-12 00:00:00+01:00,1630.989990234375,1634.5799560546875,1621.239990234375,1628.4000244140625,0,0.0,0.0
2018-01-15 00:00:00+01:00,1628.4000244140625,1630.219970703125,1622.9300537109375,1627.2900390625,0,0.0,0.0
2018-01-16 00:00:00+01:00,1626.800048828125,1630.010009765625,1620.4599609375,1623.3299560546875,0,0.0,0.0
2018-01-17 00:00:00+01:00,1623.050048828125,1629.6700439453125,1614.4599609375,1622.8499755859375,0,0.0,0.0
2018-01-18 00:00:00+01:00,1623.18994140625,1630.5400390625,1619.8800048828125,1624.780029296875,0,0.0,0.0
2018-01-19 00:00:00+01:00,1624.1199951171875,1631.6300048828125,1623.6300048828125,1630.6199951171875,0,0.0,0.0
2018-01-22 00:00:00+01:00,1631.1500244140625,1639.050048828125,1628.699951171875,1635.469970703125,0,0.0,0.0
2018-01-23 00:00:00+01:00,1636.77001953125,1647.68994140625,1636.77001953125,1643.7099609375,0,0.0,0.0
2018-01-24 00:00:00+01:00,1644.239990234375,1645.06005859375,1629.97998046875,1631.199951171875,0,0.0,0.0
2018-01-25 00:00:00+01:00,1630.0,1630.0,1600.8900146484375,1604.489990234375,0,0.0,0.0
2018-01-26 00:00:00+01:00,1606.6099853515625,1614.5999755859375,1601.72998046875,1612.6300048828125,0,0.0,0.0
2018-01-29 00:00:00+01:00,1611.9000244140625,1620.4599609375,1608.510009765625,1610.4000244140625,0,0.0,0.0
2018-01-30 00:00:00+01:00,1609.699951171875,1612.239990234375,1602.2900390625,1603.31005859375,0,0.0,0.0
2018-01-31 00:00:00+01:00,1605.4300537109375,1613.1600341796875,1592.3900146484375,1593.1500244140625,0,0.0,0.0
2018-02-01 00:00:00+01:00,1596.0,1610.27001953125,1596.0,1601.8399658203125,0,0.0,0.0
2018-02-02 00:00:00+01:00,1601.77001953125,1602.02001953125,1581.0400390625,1584.7900390625,0,0.0,0.0
2018-02-05 00:00:00+01:00,1581.68994140625,1581.68994140625,1545.56005859375,1546.3299560546875,0,0.0,0.0
2018-02-06 00:00:00+01:00,1535.280029296875,1535.280029296875,1487.949951171875,1511.5999755859375,0,0.0,0.0
2018-02-07 00:00:00+01:00,1513.5699462890625,1555.2900390625,1513.5699462890625,1551.1500244140625,0,0.0,0.0
2018-02-08 00:00:00+01:00,1550.43994140625,1550.43994140625,1519.77001953125,1519.77001953125,0,0.0,0.0
2018-02-09 00:00:00+01:00,1518.68994140625,1523.449951171875,1499.739990234375,1500.1800537109375,0,0.0,0.0
2018-02-12 00:00:00+01:00,1501.5,1531.8599853515625,1501.5,1521.6199951171875,0,0.0,0.0
2018-02-13 00:00:00+01:00,1522.1400146484375,1527.1700439453125,1513.22998046875,1513.27001953125,0,0.0,0.0
2018-02-14 00:00:00+01:00,1516.3299560546875,1533.699951171875,1503.3699951171875,1532.1500244140625,0,0.0,0.0
2018-02-15 00:00:00+01:00,1533.300048828125,1550.280029296875,1533.300048828125,1542.719970703125,0,0.0,0.0
2018-02-16 00:00:00+01:00,1545.4599609375,1557.2900390625,1545.4599609375,1556.9300537109375,0,0.0,0.0
2018-02-19 00:00:00+01:00,1558.3699951171875,1562.4599609375,1549.010009765625,1550.8599853515625,65618900,0.0,0.0
2018-02-20 00:00:00+01:00,1550.9100341796875,1570.3599853515625,1550.9100341796875,1569.6800537109375,0,0.0,0.0
2018-02-21 00:00:00+01:00,1569.3199462890625,1577.739990234375,1557.7099609375,1575.1199951171875,0,0.0,0.0
2018-02-22 00:00:00+01:00,1573.3699951171875,1575.1600341796875,1556.5,1573.8800048828125,0,0.0,0.0
2018-02-23 00:00:00+01:00,1574.510009765625,1580.1400146484375,1567.949951171875,1577.1099853515625,0,0.0,0.0
2018-02-26 00:00:00+01:00,1578.8699951171875,1591.5899658203125,1578.8699951171875,1586.9599609375,0,0.0,0.0
2018-02-27 00:00:00+01:00,1588.2099609375,1595.3499755859375,1583.52001953125,1588.22998046875,0,0.0,0.0
2018-02-28 00:00:00+01:00,1586.8599853515625,1594.510009765625,1580.949951171875,1583.3900146484375,0,0.0,0.0
2018-03-01 00:00:00+01:00,1583.22998046875,1583.22998046875,1560.56005859375,1560.56005859375,0,0.0,0.0
2018-03-02 00:00:00+01:00,1559.5,1559.5,1525.3699951171875,1526.4599609375,0,0.0,0.0
2018-03-05 00:00:00+01:00,1525.800048828125,1548.030029296875,1524.260009765625,1547.93994140625,91306000,0.0,0.0
2018-03-06 00:00:00+01:00,1551.199951171875,1569.75,1551.199951171875,1559.93994140625,0,0.0,0.0
2018-03-07 00:00:00+01:00,1558.5,1564.199951171875,1548.010009765625,1564.18994140625,0,0.0,0.0
2018-03-08 00:00:00+01:00,1564.1800537109375,1586.219970703125,1564.1800537109375,1585.530029296875,0,0.0,0.0
2018-03-09 00:00:00+01:00,1586.030029296875,1592.77001953125,1580.3800048828125,1589.6199951171875,0,0.0,0.0
2018-03-12 00:00:00+01:00,1590.8800048828125,1602.260009765625,1589.1700439453125,1593.8299560546875,0,0.0,0.0
2018-03-13 00:00:00+01:00,1593.8800048828125,1603.3399658203125,1575.22998046875,1578.1500244140625,0,0.0,0.0
2018-03-14 00:00:00+01:00,1578.6300048828125,1598.3499755859375,1578.6300048828125,1585.31005859375,0,0.0,0.0
2018-03-15 00:00:00+01:00,1586.06005859375,1592.280029296875,1580.18994140625,1592.280029296875,0,0.0,0.0
2018-03-16 00:00:00+01:00,1592.489990234375,1593.4300537109375,1572.5799560546875,1573.47998046875,0,0.0,0.0
2018-03-19 00:00:00+01:00,1573.27001953125,1573.27001953125,1545.780029296875,1547.4100341796875,0,0.0,0.0
2018-03-20 00:00:00+01:00,1548.8800048828125,1556.0699462890625,1542.300048828125,1551.969970703125,0,0.0,0.0
2018-03-21 00:00:00+01:00,1552.4200439453125,1553.1800537109375,1543.260009765625,1549.699951171875,0,0.0,0.0
2018-03-22 00:00:00+01:00,1547.6199951171875,1547.6199951171875,1508.8599853515625,1515.8399658203125,0,0.0,0.0
2018-03-23 00:00:00+01:00,1513.469970703125,1520.6600341796875,1493.1199951171875,1513.1800537109375,0,0.0,0.0
2018-03-26 00:00:00+02:00,1513.4200439453125,1519.7900390625,1493.800048828125,1496.5899658203125,0,0.0,0.0
2018-03-27 00:00:00+02:00,1496.719970703125,1517.550048828125,1495.0799560546875,1510.1099853515625,0,0.0,0.0
2018-03-28 00:00:00+02:00,1506.3199462890625,1512.1300048828125,1484.1400146484375,1512.1300048828125,0,0.0,0.0
2018-03-29 00:00:00+02:00,1513.18994140625,1537.25,1513.18994140625,1535.3499755859375,0,0.0,0.0
2018-04-03 00:00:00+02:00,1533.199951171875,1533.199951171875,1504.0699462890625,1508.800048828125,0,0.0,0.0
2018-04-04 00:00:00+02:00,1509.300048828125,1511.68994140625,1482.219970703125,1494.6500244140625,0,0.0,0.0
2018-04-05 00:00:00+02:00,1500.06005859375,1527.43994140625,1500.06005859375,1527.219970703125,0,0.0,0.0
2018-04-06 00:00:00+02:00,1526.4300537109375,1526.4300537109375,1508.8499755859375,1511.3699951171875,0,0.0,0.0
2018-04-09 00:00:00+02:00,1513.239990234375,1527.56005859375,1502.449951171875,1511.3199462890625,0,0.0,0.0
2018-04-10 00:00:00+02:00,1513.1099853515625,1526.989990234375,1513.1099853515625,1526.760009765625,0,0.0,0.0
2018-04-11 00:00:00+02:00,1526.469970703125,1526.469970703125,1498.800048828125,1504.7099609375,0,0.0,0.0
2018-04-12 00:00:00+02:00,1505.760009765625,1520.8499755859375,1503.8599853515625,1518.8800048828125,0,0.0,0.0
2018-04-13 00:00:00+02:00,1520.56005859375,1534.0400390625,1517.4100341796875,1526.6600341796875,0,0.0,0.0
2018-04-16 00:00:00+02:00,1526.68994140625,1533.739990234375,1524.219970703125,1526.27001953125,0,0.0,0.0
2018-04-17 00:00:00+02:00,1528.530029296875,1548.5,1528.530029296875,1545.1600341796875,0,0.0,0.0
2018-04-18 00:00:00+02:00,1545.1600341796875,1553.8800048828125,1542.969970703125,1552.47998046875,0,0.0,0.0
2018-04-19 00:00:00+02:00,1551.719970703125,1563.8299560546875,1551.719970703125,1558.22998046875,0,0.0,0.0
2018-04-20 00:00:00+02:00,1558.4000244140625,1576.97998046875,1556.8900146484375,1572.5799560546875,0,0.0,0.0
2018-04-23 00:00:00+02:00,1572.9599609375,1587.6500244140625,1570.8399658203125,1587.6500244140625,0,0.0,0.0
2018-04-24 00:00:00+02:00,1587.050048828125,1593.0999755859375,1571.4100341796875,1575.4000244140625,0,0.0,0.0
2018-04-25 00:00:00+02:00,1574.02001953125,1574.02001953125,1543.260009765625,1557.2900390625,0,0.0,0.0
2018-04-26 00:00:00+02:00,1557.4599609375,1575.22998046875,1552.02001953125,1573.760009765625,0,0.0,0.0
2018-04-27 00:00:00+02:00,1574.449951171875,1583.1099853515625,1571.489990234375,1580.780029296875,0,0.0,0.0
2018-04-30 00:00:00+02:00,1581.719970703125,1582.199951171875,1568.6800537109375,1570.7099609375,0,0.0,0.0
2018-05-02 00:00:00+02:00,1574.8800048828125,1592.1199951171875,1574.8800048828125,1590.969970703125,138558100,0.0,0.0
2018-05-03 00:00:00+02:00,1591.050048828125,1591.050048828125,1564.75,1566.9599609375,112906800,0.0,0.0
2018-05-04 00:00:00+02:00,1567.4000244140625,1577.8199462890625,1565.6099853515625,1577.0799560546875,103836000,0.0,0.0
2018-05-07 00:00:00+02:00,1577.5400390625,1600.449951171875,1577.1500244140625,1597.9300537109375,0,0.0,0.0
2018-05-08 00:00:00+02:00,1598.3699951171875,1608.93994140625,1591.3199462890625,1608.93994140625,0,0.0,0.0
2018-05-09 00:00:00+02:00,1608.6400146484375,1623.0400390625,1603.06005859375,1616.800048828125,0,0.0,0.0
2018-05-11 00:00:00+02:00,1616.6700439453125,1619.7900390625,1601.1199951171875,1603.25,0,0.0,0.0
2018-05-14 00:00:00+02:00,1603.68994140625,1607.4000244140625,1593.6600341796875,1598.5799560546875,0,0.0,0.0
2018-05-15 00:00:00+02:00,1597.8299560546875,1608.469970703125,1593.1600341796875,1606.719970703125,0,0.0,0.0
2018-05-16 00:00:00+02:00,1606.699951171875,1606.699951171875,1593.25,1602.27001953125,0,0.0,0.0
2018-05-17 00:00:00+02:00,1602.280029296875,1618.949951171875,1602.280029296875,1618.949951171875,0,0.0,0.0
2018-05-18 00:00:00+02:00,1618.1199951171875,1627.1300048828125,1617.8599853515625,1621.6099853515625,0,0.0,0.0
2018-05-21 00:00:00+02:00,1622.1800537109375,1634.760009765625,1622.1800537109375,1626.25,0,0.0,0.0
2018-05-22 00:00:00+02:00,1627.22998046875,1632.300048828125,1617.1500244140625,1624.43994140625,0,0.0,0.0
2018-05-23 00:00:00+02:00,1621.9000244140625,1621.9000244140625,1597.760009765625,1602.0999755859375,0,0.0,0.0
2018-05-24 00:00:00+02:00,1602.1199951171875,1612.780029296875,1588.030029296875,1593.5699462890625,0,0.0,0.0
2018-05-25 00:00:00+02:00,1594.5699462890625,1603.0400390625,1584.9100341796875,1586.97998046875,0,0.0,0.0
2018-05-28 00:00:00+02:00,1589.010009765625,1598.3499755859375,1577.4300537109375,1581.52001953125,0,0.0,0.0
2018-05-29 00:00:00+02:00,1579.5,1579.5,1554.93994140625,1572.300048828125,0,0.0,0.0
2018-05-30 00:00:00+02:00,1572.449951171875,1574.6500244140625,1559.6600341796875,1562.5400390625,0,0.0,0.0
2018-05-31 00:00:00+02:00,1563.68994140625,1572.4200439453125,1544.8299560546875,1549.93994140625,0,0.0,0.0
2018-06-01 00:00:00+02:00,1549.93994140625,1573.3599853515625,1549.550048828125,1569.510009765625,0,0.0,0.0
2018-06-04 00:00:00+02:00,1570.489990234375,1578.469970703125,1561.72998046875,1564.72998046875,0,0.0,0.0
2018-06-05 00:00:00+02:00,1564.4300537109375,1572.1199951171875,1559.050048828125,1559.050048828125,0,0.0,0.0
2018-06-07 00:00:00+02:00,1563.010009765625,1575.739990234375,1551.31005859375,1555.6500244140625,0,0.0,0.0
2018-06-08 00:00:00+02:00,1554.9599609375,1562.3599853515625,1542.0899658203125,1555.8699951171875,0,0.0,0.0
2018-06-11 00:00:00+02:00,1557.6800537109375,1571.22998046875,1555.7900390625,1571.1800537109375,0,0.0,0.0
2018-06-12 00:00:00+02:00,1573.010009765625,1577.0400390625,1566.7099609375,1572.27001953125,0,0.0,0.0
2018-06-13 00:00:00+02:00,1573.0999755859375,1575.469970703125,1563.5400390625,1571.0699462890625,0,0.0,0.0
2018-06-14 00:00:00+02:00,1571.449951171875,1591.6600341796875,1559.4000244140625,1588.0,0,0.0,0.0
2018-06-15 00:00:00+02:00,1587.6400146484375,1587.6400146484375,1570.4200439453125,1570.4300537109375,0,0.0,0.0
2018-06-18 00:00:00+02:00,1569.6400146484375,1569.6400146484375,1550.4100341796875,1561.6500244140625,0,0.0,0.0
2018-06-19 00:00:00+02:00,1559.989990234375,1565.6199951171875,1542.3800048828125,1564.8699951171875,0,0.0,0.0
2018-06-20 00:00:00+02:00,1564.1500244140625,1582.27001953125,1564.010009765625,1572.2900390625,0,0.0,0.0
2018-06-21 00:00:00+02:00,1572.18994140625,1576.9599609375,1548.3399658203125,1549.550048828125,0,0.0,0.0
2018-06-25 00:00:00+02:00,1548.9599609375,1553.1199951171875,1534.47998046875,1534.6500244140625,0,0.0,0.0
2018-06-26 00:00:00+02:00,1534.699951171875,1539.4000244140625,1526.300048828125,1529.22998046875,0,0.0,0.0
2018-06-27 00:00:00+02:00,1528.9300537109375,1550.1400146484375,1514.6099853515625,1540.8800048828125,0,0.0,0.0
2018-06-28 00:00:00+02:00,1539.780029296875,1543.239990234375,1521.239990234375,1531.6600341796875,0,0.0,0.0
2018-06-29 00:00:00+02:00,1534.9000244140625,1560.739990234375,1534.9000244140625,1558.8800048828125,0,0.0,0.0
2018-07-02 00:00:00+02:00,1557.4599609375,1557.4599609375,1533.97998046875,1540.8599853515625,0,0.0,0.0
2018-07-03 00:00:00+02:00,1542.1600341796875,1548.7900390625,1537.300048828125,1538.4000244140625,0,0.0,0.0
2018-07-04 00:00:00+02:00,1537.8800048828125,1538.030029296875,1521.5999755859375,1522.3399658203125,0,0.0,0.0
2018-07-05 00:00:00+02:00,1522.739990234375,1536.050048828125,1521.199951171875,1526.5999755859375,0,0.0,0.0
2018-07-06 00:00:00+02:00,1526.8599853515625,1535.699951171875,1511.8299560546875,1524.1700439453125,0,0.0,0.0
2018-07-09 00:00:00+02:00,1525.550048828125,1541.6099853515625,1525.550048828125,1541.06005859375,0,0.0,0.0
2018-07-10 00:00:00+02:00,1541.280029296875,1551.3699951171875,1540.8299560546875,1548.3800048828125,0,0.0,0.0
2018-07-11 00:00:00+02:00,1547.2099609375,1547.2099609375,1524.75,1526.2900390625,0,0.0,0.0
2018-07-12 00:00:00+02:00,1528.010009765625,1544.1800537109375,1523.0699462890625,1541.52001953125,0,0.0,0.0
2018-07-13 00:00:00+02:00,1542.52001953125,1554.1700439453125,1542.52001953125,1550.8800048828125,0,0.0,0.0
2018-07-16 00:00:00+02:00,1551.239990234375,1555.1099853515625,1544.56005859375,1552.75,0,0.0,0.0
2018-07-17 00:00:00+02:00,1554.8900146484375,1566.75,1550.8399658203125,1556.6099853515625,0,0.0,0.0
2018-07-18 00:00:00+02:00,1557.969970703125,1572.6300048828125,1557.969970703125,1570.4200439453125,0,0.0,0.0
2018-07-19 00:00:00+02:00,1571.1500244140625,1589.81005859375,1571.1500244140625,1584.3399658203125,0,0.0,0.0
2018-07-20 00:00:00+02:00,1582.300048828125,1589.8900146484375,1569.5,1579.4000244140625,0,0.0,0.0
2018-07-23 00:00:00+02:00,1578.97998046875,1584.93994140625,1573.7900390625,1580.5,0,0.0,0.0
2018-07-24 00:00:00+02:00,1582.3199462890625,1605.4000244140625,1582.3199462890625,1601.3800048828125,0,0.0,0.0
2018-07-25 00:00:00+02:00,1601.3499755859375,1605.280029296875,1593.0400390625,1593.27001953125,0,0.0,0.0
2018-07-26 00:00:00+02:00,1595.02001953125,1609.6500244140625,1595.02001953125,1608.800048828125,0,0.0,0.0
2018-07-27 00:00:00+02:00,1609.7099609375,1615.3900146484375,1607.6300048828125,1612.760009765625,0,0.0,0.0
2018-07-30 00:00:00+02:00,1613.47998046875,1615.4000244140625,1606.6500244140625,1611.0699462890625,0,0.0,0.0
2018-07-31 00:00:00+02:00,1610.5,1619.1099853515625,1610.5,1615.5999755859375,0,0.0,0.0
2018-08-01 00:00:00+02:00,1616.1099853515625,1622.0899658203125,1611.47998046875,1612.5400390625,0,0.0,0.0
2018-08-02 00:00:00+02:00,1611.260009765625,1611.260009765625,1592.5400390625,1598.06005859375,0,0.0,0.0
2018-08-03 00:00:00+02:00,1599.4100341796875,1614.8599853515625,1599.4100341796875,1611.949951171875,0,0.0,0.0
2018-08-06 00:00:00+02:00,1612.510009765625,1616.2900390625,1603.8199462890625,1608.47998046875,0,0.0,0.0
2018-08-07 00:00:00+02:00,1610.52001953125,1621.260009765625,1610.52001953125,1619.8900146484375,0,0.0,0.0
2018-08-08 00:00:00+02:00,1619.9100341796875,1624.0999755859375,1614.72998046875,1622.6300048828125,0,0.0,0.0
2018-08-09 00:00:00+02:00,1622.9300537109375,1631.739990234375,1618.719970703125,1631.22998046875,0,0.0,0.0
2018-08-10 00:00:00+02:00,1627.43994140625,1627.43994140625,1613.3900146484375,1616.8199462890625,0,0.0,0.0
2018-08-13 00:00:00+02:00,1615.3800048828125,1616.3399658203125,1607.81005859375,1611.800048828125,0,0.0,0.0
2018-08-14 00:00:00+02:00,1612.31005859375,1621.6099853515625,1603.3499755859375,1608.56005859375,0,0.0,0.0
2018-08-15 00:00:00+02:00,1609.4000244140625,1619.1600341796875,1592.050048828125,1593.5899658203125,0,0.0,0.0
2018-08-16 00:00:00+02:00,1595.8399658203125,1612.52001953125,1595.8399658203125,1611.3299560546875,0,0.0,0.0
2018-08-17 00:00:00+02:00,1610.9200439453125,1623.219970703125,1608.9300537109375,1622.7099609375,0,0.0,0.0
2018-08-20 00:00:00+02:00,1623.68994140625,1632.6500244140625,1620.6700439453125,1630.9200439453125,0,0.0,0.0
2018-08-21 00:00:00+02:00,1631.06005859375,1640.449951171875,1630.75,1637.5999755859375,0,0.0,0.0
2018-08-22 00:00:00+02:00,1637.449951171875,1645.4000244140625,1635.449951171875,1643.4599609375,0,0.0,0.0
2018-08-23 00:00:00+02:00,1643.4100341796875,1649.239990234375,1642.239990234375,1643.7099609375,0,0.0,0.0
2018-08-24 00:00:00+02:00,1643.4100341796875,1648.4300537109375,1642.8699951171875,1646.8699951171875,0,0.0,0.0
2018-08-27 00:00:00+02:00,1647.3800048828125,1665.1800537109375,1647.3800048828125,1665.0999755859375,0,0.0,0.0
2018-08-28 00:00:00+02:00,1665.8399658203125,1671.43994140625,1665.72998046875,1671.1500244140625,0,0.0,0.0
2018-08-29 00:00:00+02:00,1671.510009765625,1679.510009765625,1669.77001953125,1677.219970703125,0,0.0,0.0
2018-08-30 00:00:00+02:00,1676.8199462890625,1678.050048828125,1670.06005859375,1672.56005859375,0,0.0,0.0
2018-08-31 00:00:00+02:00,1671.4100341796875,1671.4100341796875,1658.1600341796875,1658.1600341796875,0,0.0,0.0
2018-09-03 00:00:00+02:00,1657.6700439453125,1664.469970703125,1656.93994140625,1660.1400146484375,55112500,0.0,0.0
2018-09-04 00:00:00+02:00,1660.6400146484375,1663.219970703125,1638.510009765625,1645.949951171875,0,0.0,0.0
2018-09-05 00:00:00+02:00,1645.2900390625,1645.2900390625,1631.739990234375,1631.739990234375,0,0.0,0.0
2018-09-06 00:00:00+02:00,1631.3599853515625,1646.9599609375,1627.75,1632.4200439453125,0,0.0,0.0
2018-09-07 00:00:00+02:00,1632.6700439453125,1634.800048828125,1610.719970703125,1618.199951171875,0,0.0,0.0
2018-09-10 00:00:00+02:00,1617.72998046875,1629.47998046875,1613.4599609375,1624.25,0,0.0,0.0
2018-09-11 00:00:00+02:00,1624.8399658203125,1625.8599853515625,1609.3900146484375,1620.3900146484375,0,0.0,0.0
2018-09-12 00:00:00+02:00,1620.77001953125,1631.1199951171875,1614.300048828125,1618.81005859375,0,0.0,0.0
2018-09-13 00:00:00+02:00,1618.93994140625,1628.8699951171875,1616.81005859375,1621.8499755859375,0,0.0,0.0
2018-09-14 00:00:00+02:00,1623.260009765625,1634.739990234375,1622.8399658203125,1634.739990234375,0,0.0,0.0
2018-09-17 00:00:00+02:00,1633.6800537109375,1644.7900390625,1624.6400146484375,1640.5999755859375,0,0.0,0.0
2018-09-18 00:00:00+02:00,1640.010009765625,1640.7099609375,1616.0400390625,1625.449951171875,0,0.0,0.0
2018-09-19 00:00:00+02:00,1626.5,1637.9100341796875,1626.5,1630.5,0,0.0,0.0
2018-09-20 00:00:00+02:00,1630.1800537109375,1646.239990234375,1629.6199951171875,1645.8399658203125,0,0.0,0.0
2018-09-21 00:00:00+02:00,1647.6300048828125,1663.3399658203125,1647.5699462890625,1662.3199462890625,0,0.0,0.0
2018-09-24 00:00:00+02:00,1661.6600341796875,1661.6600341796875,1652.8399658203125,1655.010009765625,0,0.0,0.0
2018-09-25 00:00:00+02:00,1654.780029296875,1658.9000244140625,1650.3800048828125,1656.7099609375,0,0.0,0.0
2018-09-26 00:00:00+02:00,1656.6700439453125,1658.8299560546875,1648.27001953125,1658.2900390625,0,0.0,0.0
2018-09-27 00:00:00+02:00,1657.3199462890625,1676.8900146484375,1649.47998046875,1676.3699951171875,0,0.0,0.0
2018-09-28 00:00:00+02:00,1674.8800048828125,1674.9100341796875,1654.199951171875,1662.3599853515625,0,0.0,0.0
2018-10-01 00:00:00+02:00,1662.7099609375,1670.3499755859375,1657.0799560546875,1667.449951171875,0,0.0,0.0
2018-10-02 00:00:00+02:00,1665.9000244140625,1665.9000244140625,1650.5799560546875,1656.9000244140625,0,0.0,0.0
2018-10-03 00:00:00+02:00,1658.760009765625,1677.3299560546875,1658.72998046875,1665.1400146484375,0,0.0,0.0
2018-10-04 00:00:00+02:00,1664.47998046875,1664.800048828125,1643.56005859375,1648.9599609375,0,0.0,0.0
2018-10-05 00:00:00+02:00,1649.2099609375,1649.6099853515625,1633.6800537109375,1634.8599853515625,0,0.0,0.0
2018-10-08 00:00:00+02:00,1634.449951171875,1634.449951171875,1620.8199462890625,1621.18994140625,0,0.0,0.0
2018-10-09 00:00:00+02:00,1619.75,1625.77001953125,1607.8199462890625,1624.489990234375,0,0.0,0.0
2018-10-10 00:00:00+02:00,1625.969970703125,1626.18994140625,1591.9300537109375,1595.1300048828125,0,0.0,0.0
2018-10-11 00:00:00+02:00,1591.56005859375,1591.56005859375,1547.1500244140625,1550.4100341796875,0,0.0,0.0
2018-10-12 00:00:00+02:00,1551.1400146484375,1565.5400390625,1536.4599609375,1536.4599609375,0,0.0,0.0
2018-10-15 00:00:00+02:00,1536.56005859375,1539.8199462890625,1521.3199462890625,1536.0999755859375,0,0.0,0.0
2018-10-16 00:00:00+02:00,1535.06005859375,1554.1600341796875,1526.6700439453125,1554.1600341796875,0,0.0,0.0
2018-10-17 00:00:00+02:00,1554.9300537109375,1562.780029296875,1544.989990234375,1548.27001953125,0,0.0,0.0
2018-10-18 00:00:00+02:00,1553.199951171875,1558.6099853515625,1542.4200439453125,1543.8699951171875,0,0.0,0.0
2018-10-19 00:00:00+02:00,1545.989990234375,1546.9200439453125,1510.68994140625,1531.6600341796875,0,0.0,0.0
2018-10-22 00:00:00+02:00,1533.02001953125,1545.3599853515625,1523.4599609375,1526.050048828125,0,0.0,0.0
2018-10-23 00:00:00+02:00,1523.27001953125,1523.27001953125,1499.6400146484375,1508.8800048828125,0,0.0,0.0
2018-10-24 00:00:00+02:00,1511.56005859375,1523.0699462890625,1500.239990234375,1501.469970703125,0,0.0,0.0
2018-10-25 00:00:00+02:00,1500.0999755859375,1511.3299560546875,1487.6800537109375,1506.02001953125,0,0.0,0.0
2018-10-26 00:00:00+02:00,1504.4599609375,1504.4599609375,1473.7900390625,1485.27001953125,0,0.0,0.0
2018-10-29 00:00:00+01:00,1485.8599853515625,1517.719970703125,1485.8599853515625,1503.1400146484375,0,0.0,0.0
2018-10-30 00:00:00+01:00,1504.1800537109375,1516.0,1495.8699951171875,1516.0,0,0.0,0.0
2018-10-31 00:00:00+01:00,1519.780029296875,1544.97998046875,1519.780029296875,1538.219970703125,0,0.0,0.0
2018-11-01 00:00:00+01:00,1537.719970703125,1541.81005859375,1525.0799560546875,1531.260009765625,0,0.0,0.0
2018-11-02 00:00:00+01:00,1537.68994140625,1551.7900390625,1537.68994140625,1551.3900146484375,0,0.0,0.0
2018-11-05 00:00:00+01:00,1550.6600341796875,1550.6600341796875,1534.68994140625,1539.010009765625,0,0.0,0.0
2018-11-06 00:00:00+01:00,1538.969970703125,1541.8699951171875,1529.4000244140625,1534.5999755859375,0,0.0,0.0
2018-11-07 00:00:00+01:00,1535.239990234375,1547.4200439453125,1535.06005859375,1538.68994140625,0,0.0,0.0
2018-11-08 00:00:00+01:00,1540.6800537109375,1549.739990234375,1534.949951171875,1536.7900390625,0,0.0,0.0
2018-11-09 00:00:00+01:00,1535.0999755859375,1535.25,1528.5799560546875,1530.510009765625,0,0.0,0.0
2018-11-12 00:00:00+01:00,1531.2900390625,1537.989990234375,1513.47998046875,1514.5899658203125,0,0.0,0.0
2018-11-13 00:00:00+01:00,1514.9100341796875,1527.2900390625,1505.199951171875,1520.260009765625,0,0.0,0.0
2018-11-14 00:00:00+01:00,1518.6800537109375,1518.6800537109375,1496.8599853515625,1502.449951171875,0,0.0,0.0
2018-11-15 00:00:00+01:00,1503.0,1510.0699462890625,1482.52001953125,1489.7900390625,0,0.0,0.0
2018-11-16 00:00:00+01:00,1490.4100341796875,1505.739990234375,1489.2900390625,1499.4300537109375,0,0.0,0.0
2018-11-19 00:00:00+01:00,1500.06005859375,1509.1400146484375,1481.9000244140625,1482.489990234375,0,0.0,0.0
2018-11-20 00:00:00+01:00,1480.300048828125,1480.300048828125,1447.969970703125,1456.8499755859375,0,0.0,0.0
2018-11-21 00:00:00+01:00,1456.8499755859375,1478.43994140625,1456.8499755859375,1478.43994140625,0,0.0,0.0
2018-11-22 00:00:00+01:00,1478.3499755859375,1478.3499755859375,1465.219970703125,1466.3900146484375,66661600,0.0,0.0
2018-11-23 00:00:00+01:00,1465.7900390625,1477.6500244140625,1465.0400390625,1477.3499755859375,0,0.0,0.0
2018-11-26 00:00:00+01:00,1480.1199951171875,1498.260009765625,1480.1199951171875,1498.260009765625,0,0.0,0.0
2018-11-27 00:00:00+01:00,1499.1800537109375,1505.0699462890625,1490.760009765625,1496.4100341796875,0,0.0,0.0
2018-11-28 00:00:00+01:00,1497.239990234375,1505.739990234375,1493.1199951171875,1500.449951171875,0,0.0,0.0
2018-11-29 00:00:00+01:00,1501.6500244140625,1518.6199951171875,1501.6500244140625,1515.3800048828125,0,0.0,0.0
2018-11-30 00:00:00+01:00,1515.6500244140625,1519.1800537109375,1509.219970703125,1514.6300048828125,0,0.0,0.0
2018-12-03 00:00:00+01:00,1523.8800048828125,1544.3900146484375,1523.8800048828125,1529.780029296875,0,0.0,0.0
2018-12-04 00:00:00+01:00,1528.550048828125,1528.719970703125,1506.4300537109375,1506.4300537109375,0,0.0,0.0
2018-12-05 00:00:00+01:00,1502.3699951171875,1502.3699951171875,1478.9100341796875,1478.9599609375,0,0.0,0.0
2018-12-06 00:00:00+01:00,1477.9000244140625,1477.9000244140625,1436.6600341796875,1436.6600341796875,0,0.0,0.0
2018-12-07 00:00:00+01:00,1438.9100341796875,1468.280029296875,1438.9100341796875,1454.030029296875,0,0.0,0.0
2018-12-10 00:00:00+01:00,1449.7099609375,1453.22998046875,1435.550048828125,1435.550048828125,0,0.0,0.0
2018-12-11 00:00:00+01:00,1436.6700439453125,1473.6600341796875,1436.6700439453125,1465.2900390625,0,0.0,0.0
2018-12-12 00:00:00+01:00,1465.780029296875,1494.2099609375,1465.5400390625,1494.2099609375,0,0.0,0.0
2018-12-13 00:00:00+01:00,1494.3699951171875,1497.31005859375,1476.800048828125,1478.75,0,0.0,0.0
2018-12-14 00:00:00+01:00,1477.27001953125,1481.719970703125,1458.6500244140625,1471.6700439453125,0,0.0,0.0
2018-12-17 00:00:00+01:00,1471.6800537109375,1471.6800537109375,1450.3599853515625,1451.949951171875,0,0.0,0.0
2018-12-18 00:00:00+01:00,1450.72998046875,1457.1500244140625,1443.0799560546875,1447.7900390625,0,0.0,0.0
2018-12-19 00:00:00+01:00,1447.2900390625,1455.8399658203125,1444.719970703125,1450.1099853515625,0,0.0,0.0
2018-12-20 00:00:00+01:00,1446.8299560546875,1446.8299560546875,1419.010009765625,1419.010009765625,0,0.0,0.0
2018-12-21 00:00:00+01:00,1418.3399658203125,1418.469970703125,1397.989990234375,1408.3399658203125,0,0.0,0.0
2018-12-27 00:00:00+01:00,1409.989990234375,1420.5,1378.4200439453125,1384.5899658203125,0,0.0,0.0
2018-12-28 00:00:00+01:00,1387.52001953125,1416.0999755859375,1387.52001953125,1408.739990234375,0,0.0,0.0
2019-01-02 00:00:00+01:00,1407.6500244140625,1410.489990234375,1378.199951171875,1405.8499755859375,0,0.0,0.0
2019-01-03 00:00:00+01:00,1403.800048828125,1407.8599853515625,1390.6500244140625,1393.52001953125,0,0.0,0.0
2019-01-04 00:00:00+01:00,1395.280029296875,1437.8599853515625,1395.280029296875,1435.2900390625,0,0.0,0.0
2019-01-07 00:00:00+01:00,1437.739990234375,1446.1500244140625,1433.6199951171875,1439.9300537109375,0,0.0,0.0
2019-01-08 00:00:00+01:00,1440.739990234375,1464.02001953125,1440.050048828125,1457.469970703125,88490300,0.0,0.0
2019-01-09 00:00:00+01:00,1458.050048828125,1475.949951171875,1458.050048828125,1470.510009765625,0,0.0,0.0
2019-01-10 00:00:00+01:00,1469.050048828125,1472.739990234375,1454.9000244140625,1470.68994140625,0,0.0,0.0
2019-01-11 00:00:00+01:00,1470.1400146484375,1478.6400146484375,1460.719970703125,1465.4300537109375,0,0.0,0.0
2019-01-14 00:00:00+01:00,1462.6199951171875,1462.6199951171875,1454.6500244140625,1458.1300048828125,0,0.0,0.0
2019-01-15 00:00:00+01:00,1459.9200439453125,1471.9300537109375,1451.22998046875,1455.47998046875,0,0.0,0.0
2019-01-16 00:00:00+01:00,1456.469970703125,1472.81005859375,1455.43994140625,1468.8499755859375,0,0.0,0.0
2019-01-17 00:00:00+01:00,1468.18994140625,1476.6400146484375,1458.7900390625,1473.8900146484375,0,0.0,0.0
2019-01-18 00:00:00+01:00,1474.6199951171875,1499.7900390625,1474.6199951171875,1499.7900390625,0,0.0,0.0
2019-01-21 00:00:00+01:00,1499.8800048828125,1501.280029296875,1487.6700439453125,1493.760009765625,0,0.0,0.0
2019-01-22 00:00:00+01:00,1492.719970703125,1496.8900146484375,1480.280029296875,1486.3199462890625,0,0.0,0.0
2019-01-23 00:00:00+01:00,1485.9000244140625,1486.800048828125,1473.4599609375,1478.719970703125,0,0.0,0.0
2019-01-24 00:00:00+01:00,1479.4200439453125,1489.699951171875,1478.18994140625,1488.4000244140625,0,0.0,0.0
2019-01-25 00:00:00+01:00,1487.699951171875,1505.719970703125,1487.699951171875,1501.1199951171875,0,0.0,0.0
2019-01-28 00:00:00+01:00,1501.1500244140625,1505.5799560546875,1489.43994140625,1491.010009765625,0,0.0,0.0
2019-01-29 00:00:00+01:00,1491.3800048828125,1506.0,1485.52001953125,1502.719970703125,0,0.0,0.0
2019-01-30 00:00:00+01:00,1501.8800048828125,1510.9300537109375,1497.449951171875,1509.5,0,0.0,0.0
2019-01-31 00:00:00+01:00,1510.510009765625,1526.1300048828125,1507.25,1515.4200439453125,0,0.0,0.0
2019-02-01 00:00:00+01:00,1515.780029296875,1528.2900390625,1514.9300537109375,1525.68994140625,90458900,0.0,0.0
2019-02-04 00:00:00+01:00,1526.8900146484375,1529.3800048828125,1520.219970703125,1527.18994140625,0,0.0,0.0
2019-02-05 00:00:00+01:00,1526.3499755859375,1544.3499755859375,1526.3499755859375,1542.489990234375,0,0.0,0.0
2019-02-06 00:00:00+01:00,1542.1099853515625,1554.050048828125,1537.6400146484375,1551.1500244140625,0,0.0,0.0
2019-02-07 00:00:00+01:00,1551.3499755859375,1557.7900390625,1529.280029296875,1529.280029296875,0,0.0,0.0
2019-02-08 00:00:00+01:00,1529.4300537109375,1536.030029296875,1524.2900390625,1527.1700439453125,0,0.0,0.0
2019-02-11 00:00:00+01:00,1528.199951171875,1546.1600341796875,1528.199951171875,1542.3299560546875,0,0.0,0.0
2019-02-12 00:00:00+01:00,1543.8499755859375,1551.989990234375,1542.7900390625,1549.4100341796875,0,0.0,0.0
2019-02-13 00:00:00+01:00,1550.4300537109375,1562.22998046875,1549.5699462890625,1558.5799560546875,0,0.0,0.0
2019-02-14 00:00:00+01:00,1559.550048828125,1570.6199951171875,1557.5799560546875,1562.3599853515625,0,0.0,0.0
2019-02-15 00:00:00+01:00,1561.949951171875,1584.4599609375,1555.97998046875,1583.8199462890625,0,0.0,0.0
2019-02-18 00:00:00+01:00,1583.449951171875,1588.8199462890625,1576.6600341796875,1583.8599853515625,0,0.0,0.0
2019-02-19 00:00:00+01:00,1584.02001953125,1591.9599609375,1581.72998046875,1587.219970703125,0,0.0,0.0
2019-02-20 00:00:00+01:00,1587.550048828125,1591.3599853515625,1578.739990234375,1588.6099853515625,0,0.0,0.0
2019-02-21 00:00:00+01:00,1585.8199462890625,1591.260009765625,1572.6500244140625,1572.6500244140625,0,0.0,0.0
2019-02-22 00:00:00+01:00,1573.010009765625,1591.81005859375,1573.010009765625,1588.8299560546875,0,0.0,0.0
2019-02-25 00:00:00+01:00,1590.52001953125,1598.0899658203125,1581.0899658203125,1586.550048828125,0,0.0,0.0
2019-02-26 00:00:00+01:00,1585.2099609375,1589.22998046875,1577.1600341796875,1583.949951171875,0,0.0,0.0
2019-02-27 00:00:00+01:00,1583.1700439453125,1583.1700439453125,1573.239990234375,1576.550048828125,0,0.0,0.0
2019-02-28 00:00:00+01:00,1576.97998046875,1577.4200439453125,1558.050048828125,1572.6800537109375,0,0.0,0.0
2019-03-01 00:00:00+01:00,1574.300048828125,1585.5799560546875,1573.8599853515625,1580.219970703125,0,0.0,0.0
2019-03-04 00:00:00+01:00,1580.699951171875,1592.6800537109375,1580.2900390625,1587.7900390625,0,0.0,0.0
2019-03-05 00:00:00+01:00,1587.949951171875,1590.4100341796875,1575.5799560546875,1587.969970703125,0,0.0,0.0
2019-03-06 00:00:00+01:00,1588.06005859375,1588.06005859375,1571.4599609375,1572.6300048828125,0,0.0,0.0
2019-03-07 00:00:00+01:00,1572.47998046875,1575.5,1553.1400146484375,1558.9100341796875,0,0.0,0.0
2019-03-08 00:00:00+01:00,1558.3299560546875,1559.050048828125,1546.7099609375,1558.6300048828125,0,0.0,0.0
2019-03-11 00:00:00+01:00,1559.219970703125,1571.260009765625,1558.719970703125,1569.9300537109375,0,0.0,0.0
2019-03-12 00:00:00+01:00,1572.27001953125,1577.52001953125,1563.8399658203125,1565.56005859375,0,0.0,0.0
2019-03-13 00:00:00+01:00,1565.3299560546875,1574.199951171875,1561.1800537109375,1572.800048828125,0,0.0,0.0
2019-03-14 00:00:00+01:00,1572.8599853515625,1590.760009765625,1572.8299560546875,1590.760009765625,0,0.0,0.0
2019-03-15 00:00:00+01:00,1590.760009765625,1597.6099853515625,1582.25,1595.760009765625,0,0.0,0.0
2019-03-18 00:00:00+01:00,1595.9200439453125,1607.5400390625,1595.9200439453125,1605.010009765625,0,0.0,0.0
2019-03-19 00:00:00+01:00,1605.800048828125,1622.3299560546875,1604.3199462890625,1615.1400146484375,0,0.0,0.0
2019-03-20 00:00:00+01:00,1614.5799560546875,1619.75,1605.989990234375,1605.989990234375,0,0.0,0.0
2019-03-21 00:00:00+01:00,1605.31005859375,1610.0400390625,1595.449951171875,1605.030029296875,0,0.0,0.0
2019-03-22 00:00:00+01:00,1606.0,1610.3699951171875,1576.8699951171875,1576.8699951171875,0,0.0,0.0
2019-03-25 00:00:00+01:00,1576.8199462890625,1578.6300048828125,1563.22998046875,1573.6600341796875,0,0.0,0.0
2019-03-26 00:00:00+01:00,1574.5899658203125,1576.030029296875,1565.5,1574.1600341796875,0,0.0,0.0
2019-03-27 00:00:00+01:00,1575.0,1579.6500244140625,1560.489990234375,1565.8499755859375,0,0.0,0.0
2019-03-28 00:00:00+01:00,1565.43994140625,1571.1700439453125,1553.800048828125,1559.3199462890625,0,0.0,0.0
2019-03-29 00:00:00+01:00,1561.31005859375,1564.300048828125,1545.18994140625,1553.4200439453125,0,0.0,0.0
2019-04-01 00:00:00+02:00,1554.9200439453125,1580.97998046875,1554.9200439453125,1580.3299560546875,0,0.0,0.0
2019-04-02 00:00:00+02:00,1580.6600341796875,1598.7099609375,1577.5899658203125,1593.949951171875,0,0.0,0.0
2019-04-03 00:00:00+02:00,1596.0400390625,1622.3800048828125,1596.0400390625,1622.3800048828125,0,0.0,0.0
2019-04-04 00:00:00+02:00,1622.75,1622.75,1608.93994140625,1616.239990234375,0,0.0,0.0
2019-04-05 00:00:00+02:00,1616.3599853515625,1624.280029296875,1616.260009765625,1622.27001953125,0,0.0,0.0
2019-04-08 00:00:00+02:00,1621.9000244140625,1624.52001953125,1615.760009765625,1624.52001953125,0,0.0,0.0
2019-04-09 00:00:00+02:00,1625.3699951171875,1633.8299560546875,1614.010009765625,1616.56005859375,0,0.0,0.0
2019-04-10 00:00:00+02:00,1616.1500244140625,1628.739990234375,1615.3299560546875,1628.550048828125,0,0.0,0.0
2019-04-11 00:00:00+02:00,1626.780029296875,1633.0899658203125,1620.97998046875,1627.030029296875,0,0.0,0.0
2019-04-12 00:00:00+02:00,1627.02001953125,1642.9599609375,1625.3599853515625,1641.2099609375,0,0.0,0.0
2019-04-15 00:00:00+02:00,1641.2099609375,1644.97998046875,1637.1400146484375,1642.6300048828125,0,0.0,0.0
2019-04-16 00:00:00+02:00,1642.1600341796875,1654.0999755859375,1642.1600341796875,1647.52001953125,0,0.0,0.0
2019-04-17 00:00:00+02:00,1647.68994140625,1660.6199951171875,1645.3499755859375,1660.1400146484375,0,0.0,0.0
2019-04-18 00:00:00+02:00,1660.969970703125,1673.030029296875,1654.550048828125,1670.739990234375,0,0.0,0.0
2019-04-23 00:00:00+02:00,1670.5,1673.800048828125,1661.3900146484375,1672.1800537109375,0,0.0,0.0
2019-04-24 00:00:00+02:00,1672.0999755859375,1686.4000244140625,1670.4100341796875,1680.719970703125,0,0.0,0.0
2019-04-25 00:00:00+02:00,1678.969970703125,1700.3499755859375,1668.4300537109375,1689.4200439453125,0,0.0,0.0
2019-04-26 00:00:00+02:00,1689.9000244140625,1693.050048828125,1680.9100341796875,1689.0400390625,0,0.0,0.0
2019-04-29 00:00:00+02:00,1689.760009765625,1694.18994140625,1684.3199462890625,1693.31005859375,0,0.0,0.0
2019-04-30 00:00:00+02:00,1691.3299560546875,1691.4300537109375,1675.969970703125,1676.1400146484375,0,0.0,0.0
2019-05-02 00:00:00+02:00,1675.760009765625,1675.760009765625,1662.280029296875,1665.449951171875,0,0.0,0.0
2019-05-03 00:00:00+02:00,1664.93994140625,1676.9000244140625,1664.050048828125,1672.3299560546875,0,0.0,0.0
2019-05-06 00:00:00+02:00,1665.8900146484375,1665.8900146484375,1627.199951171875,1649.219970703125,0,0.0,0.0
2019-05-07 00:00:00+02:00,1647.8499755859375,1653.0,1613.3499755859375,1617.8499755859375,0,0.0,0.0
2019-05-08 00:00:00+02:00,1617.25,1624.77001953125,1611.5,1623.3699951171875,0,0.0,0.0
2019-05-09 00:00:00+02:00,1622.449951171875,1622.449951171875,1593.8399658203125,1596.68994140625,0,0.0,0.0
2019-05-10 00:00:00+02:00,1597.1300048828125,1615.6099853515625,1593.469970703125,1603.3699951171875,0,0.0,0.0
2019-05-13 00:00:00+02:00,1603.1800537109375,1603.239990234375,1572.8499755859375,1573.8399658203125,0,0.0,0.0
2019-05-14 00:00:00+02:00,1574.4000244140625,1591.1199951171875,1574.4000244140625,1590.8199462890625,0,0.0,0.0
2019-05-15 00:00:00+02:00,1591.1400146484375,1597.9599609375,1574.77001953125,1593.3199462890625,0,0.0,0.0
2019-05-16 00:00:00+02:00,1593.280029296875,1615.3800048828125,1586.25,1615.3800048828125,0,0.0,0.0
2019-05-17 00:00:00+02:00,1614.43994140625,1614.43994140625,1591.06005859375,1606.8599853515625,0,0.0,0.0
2019-05-20 00:00:00+02:00,1606.9100341796875,1607.1300048828125,1582.5799560546875,1588.9000244140625,0,0.0,0.0
2019-05-21 00:00:00+02:00,1590.8900146484375,1605.68994140625,1590.8900146484375,1602.9100341796875,0,0.0,0.0
2019-05-22 00:00:00+02:00,1603.1500244140625,1605.75,1587.780029296875,1595.6400146484375,0,0.0,0.0
2019-05-23 00:00:00+02:00,1593.5400390625,1593.5400390625,1558.8800048828125,1561.1700439453125,0,0.0,0.0
2019-05-24 00:00:00+02:00,1563.1800537109375,1579.1199951171875,1563.1800537109375,1571.52001953125,0,0.0,0.0
2019-05-27 00:00:00+02:00,1573.8900146484375,1582.4599609375,1565.780029296875,1568.22998046875,34880300,0.0,0.0
2019-05-28 00:00:00+02:00,1569.25,1572.6300048828125,1555.22998046875,1565.1199951171875,0,0.0,0.0
2019-05-29 00:00:00+02:00,1562.3699951171875,1562.3699951171875,1538.1099853515625,1538.75,0,0.0,0.0
2019-05-31 00:00:00+02:00,1536.6300048828125,1536.6300048828125,1505.1300048828125,1510.4599609375,0,0.0,0.0
2019-06-03 00:00:00+02:00,1509.77001953125,1518.22998046875,1494.18994140625,1518.22998046875,0,0.0,0.0
2019-06-04 00:00:00+02:00,1518.22998046875,1537.31005859375,1506.3900146484375,1537.31005859375,0,0.0,0.0
2019-06-05 00:00:00+02:00,1537.530029296875,1546.75,1531.010009765625,1542.0,0,0.0,0.0
2019-06-07 00:00:00+02:00,1543.3699951171875,1570.780029296875,1543.3699951171875,1566.1400146484375,0,0.0,0.0
2019-06-11 00:00:00+02:00,1575.6099853515625,1597.4300537109375,1575.56005859375,1593.3599853515625,0,0.0,0.0
2019-06-12 00:00:00+02:00,1593.3599853515625,1596.3199462890625,1580.449951171875,1593.5999755859375,0,0.0,0.0
2019-06-13 00:00:00+02:00,1593.1199951171875,1604.72998046875,1587.06005859375,1598.1199951171875,0,0.0,0.0
2019-06-14 00:00:00+02:00,1597.3800048828125,1597.3800048828125,1579.3900146484375,1589.5999755859375,0,0.0,0.0
2019-06-18 00:00:00+02:00,1586.530029296875,1612.050048828125,1573.1400146484375,1609.4300537109375,0,0.0,0.0
2019-06-19 00:00:00+02:00,1609.719970703125,1615.81005859375,1607.1099853515625,1612.4000244140625,0,0.0,0.0
2019-06-20 00:00:00+02:00,1617.449951171875,1632.8299560546875,1617.449951171875,1628.2900390625,0,0.0,0.0
2019-06-24 00:00:00+02:00,1627.47998046875,1635.5899658203125,1609.3199462890625,1610.93994140625,0,0.0,0.0
2019-06-25 00:00:00+02:00,1610.239990234375,1612.93994140625,1605.1199951171875,1607.2900390625,0,0.0,0.0
2019-06-26 00:00:00+02:00,1605.93994140625,1611.18994140625,1596.010009765625,1604.22998046875,0,0.0,0.0
2019-06-27 00:00:00+02:00,1605.0799560546875,1621.72998046875,1605.0799560546875,1616.93994140625,0,0.0,0.0
2019-06-28 00:00:00+02:00,1616.8800048828125,1627.02001953125,1615.3199462890625,1622.4300537109375,0,0.0,0.0
2019-07-01 00:00:00+02:00,1622.8299560546875,1645.780029296875,1622.8299560546875,1642.0,0,0.0,0.0
2019-07-02 00:00:00+02:00,1641.75,1648.260009765625,1637.97998046875,1647.02001953125,0,0.0,0.0
2019-07-03 00:00:00+02:00,1647.1300048828125,1657.0899658203125,1641.780029296875,1648.8399658203125,0,0.0,0.0
2019-07-04 00:00:00+02:00,1648.8299560546875,1654.9000244140625,1648.25,1652.25,45599400,0.0,0.0
2019-07-05 00:00:00+02:00,1651.9200439453125,1652.8800048828125,1620.1800537109375,1634.93994140625,0,0.0,0.0
2019-07-08 00:00:00+02:00,1634.7099609375,1646.3800048828125,1629.9599609375,1642.0699462890625,0,0.0,0.0
2019-07-09 00:00:00+02:00,1640.1800537109375,1640.1800537109375,1625.239990234375,1630.8800048828125,0,0.0,0.0
2019-07-10 00:00:00+02:00,1630.4000244140625,1636.6500244140625,1621.550048828125,1622.449951171875,0,0.0,0.0
2019-07-11 00:00:00+02:00,1625.0999755859375,1631.3499755859375,1609.43994140625,1613.2099609375,0,0.0,0.0
2019-07-12 00:00:00+02:00,1613.31005859375,1629.199951171875,1613.31005859375,1625.6199951171875,0,0.0,0.0
2019-07-15 00:00:00+02:00,1626.469970703125,1639.0,1615.5899658203125,1632.9100341796875,0,0.0,0.0
2019-07-16 00:00:00+02:00,1629.4200439453125,1633.719970703125,1620.43994140625,1630.5699462890625,0,0.0,0.0
2019-07-17 00:00:00+02:00,1629.72998046875,1630.9100341796875,1598.06005859375,1598.06005859375,0,0.0,0.0
2019-07-18 00:00:00+02:00,1600.219970703125,1600.219970703125,1573.550048828125,1577.4100341796875,0,0.0,0.0
2019-07-19 00:00:00+02:00,1578.6199951171875,1605.4200439453125,1578.6199951171875,1605.4200439453125,0,0.0,0.0
2019-07-22 00:00:00+02:00,1605.25,1607.449951171875,1598.1099853515625,1600.8800048828125,74655900,0.0,0.0
2019-07-23 00:00:00+02:00,1616.56005859375,1627.8699951171875,1615.8199462890625,1624.77001953125,0,0.0,0.0
2019-07-24 00:00:00+02:00,1625.31005859375,1625.5400390625,1608.2900390625,1613.06005859375,0,0.0,0.0
2019-07-25 00:00:00+02:00,1613.6300048828125,1625.8299560546875,1596.9000244140625,1607.199951171875,0,0.0,0.0
2019-07-26 00:00:00+02:00,1606.8800048828125,1614.72998046875,1605.9000244140625,1610.6400146484375,0,0.0,0.0
2019-07-29 00:00:00+02:00,1610.2900390625,1617.219970703125,1603.18994140625,1614.300048828125,0,0.0,0.0
2019-07-30 00:00:00+02:00,1613.9000244140625,1616.22998046875,1592.5999755859375,1600.260009765625,0,0.0,0.0
2019-07-31 00:00:00+02:00,1599.06005859375,1604.4100341796875,1595.1199951171875,1599.780029296875,0,0.0,0.0
2019-08-01 00:00:00+02:00,1598.6700439453125,1617.989990234375,1588.949951171875,1612.9100341796875,0,0.0,0.0
2019-08-02 00:00:00+02:00,1608.530029296875,1608.530029296875,1565.77001953125,1568.699951171875,76674400,0.0,0.0
2019-08-06 00:00:00+02:00,1534.5400390625,1543.9300537109375,1520.27001953125,1523.030029296875,0,0.0,0.0
2019-08-07 00:00:00+02:00,1523.43994140625,1540.3800048828125,1516.56005859375,1528.18994140625,0,0.0,0.0
2019-08-08 00:00:00+02:00,1531.9200439453125,1550.6199951171875,1531.9200439453125,1550.6199951171875,0,0.0,0.0
2019-08-09 00:00:00+02:00,1550.3499755859375,1550.3499755859375,1529.1300048828125,1531.52001953125,0,0.0,0.0
2019-08-12 00:00:00+02:00,1532.449951171875,1550.9599609375,1528.1099853515625,1533.06005859375,0,0.0,0.0
2019-08-13 00:00:00+02:00,1531.8800048828125,1548.4000244140625,1509.6099853515625,1543.3599853515625,0,0.0,0.0
2019-08-14 00:00:00+02:00,1538.219970703125,1539.3499755859375,1498.4100341796875,1500.06005859375,0,0.0,0.0
2019-08-15 00:00:00+02:00,1500.4300537109375,1509.5799560546875,1476.8299560546875,1495.7099609375,0,0.0,0.0
2019-08-16 00:00:00+02:00,1496.93994140625,1519.56005859375,1496.93994140625,1519.4100341796875,0,0.0,0.0
2019-08-19 00:00:00+02:00,1522.47998046875,1539.6600341796875,1522.47998046875,1538.969970703125,0,0.0,0.0
2019-08-20 00:00:00+02:00,1538.780029296875,1546.18994140625,1533.06005859375,1534.3399658203125,0,0.0,0.0
2019-08-21 00:00:00+02:00,1534.93994140625,1550.1400146484375,1534.93994140625,1543.469970703125,0,0.0,0.0
2019-08-22 00:00:00+02:00,1543.260009765625,1546.8399658203125,1533.449951171875,1535.510009765625,0,0.0,0.0
2019-08-23 00:00:00+02:00,1539.5,1549.8699951171875,1522.8499755859375,1522.8499755859375,0,0.0,0.0
2019-08-26 00:00:00+02:00,1520.3499755859375,1525.6800537109375,1503.5799560546875,1520.8499755859375,0,0.0,0.0
2019-08-27 00:00:00+02:00,1521.050048828125,1532.469970703125,1516.9200439453125,1530.81005859375,0,0.0,0.0
2019-08-28 00:00:00+02:00,1534.469970703125,1534.8499755859375,1515.5,1529.1300048828125,0,0.0,0.0
2019-08-29 00:00:00+02:00,1530.050048828125,1558.739990234375,1530.050048828125,1558.739990234375,0,0.0,0.0
2019-08-30 00:00:00+02:00,1559.6800537109375,1583.1600341796875,1559.6800537109375,1576.97998046875,0,0.0,0.0
2019-09-02 00:00:00+02:00,1576.72998046875,1582.9100341796875,1568.699951171875,1570.18994140625,58879800,0.0,0.0
2019-09-03 00:00:00+02:00,1569.31005859375,1575.97998046875,1563.0699462890625,1568.6600341796875,0,0.0,0.0
2019-09-04 00:00:00+02:00,1569.31005859375,1586.22998046875,1569.31005859375,1581.280029296875,0,0.0,0.0
2019-09-05 00:00:00+02:00,1581.9200439453125,1598.0400390625,1581.9200439453125,1597.3399658203125,0,0.0,0.0
2019-09-06 00:00:00+02:00,1597.6400146484375,1602.3599853515625,1593.8699951171875,1601.949951171875,0,0.0,0.0
2019-09-09 00:00:00+02:00,1602.3399658203125,1610.780029296875,1600.530029296875,1610.699951171875,0,0.0,0.0
2019-09-10 00:00:00+02:00,1611.0,1625.0,1606.7099609375,1624.97998046875,0,0.0,0.0
2019-09-11 00:00:00+02:00,1625.8299560546875,1639.1800537109375,1625.8299560546875,1637.6199951171875,0,0.0,0.0
2019-09-12 00:00:00+02:00,1638.47998046875,1655.68994140625,1638.47998046875,1651.449951171875,0,0.0,0.0
2019-09-13 00:00:00+02:00,1651.75,1665.3499755859375,1651.75,1665.3499755859375,0,0.0,0.0
2019-09-16 00:00:00+02:00,1661.1600341796875,1661.1600341796875,1650.5,1655.010009765625,0,0.0,0.0
2019-09-17 00:00:00+02:00,1654.800048828125,1654.800048828125,1638.31005859375,1649.3299560546875,0,0.0,0.0
2019-09-18 00:00:00+02:00,1649.6300048828125,1661.1700439453125,1646.6800537109375,1655.1099853515625,0,0.0,0.0
2019-09-19 00:00:00+02:00,1655.0899658203125,1666.719970703125,1650.6800537109375,1664.6400146484375,0,0.0,0.0
2019-09-20 00:00:00+02:00,1664.8800048828125,1670.239990234375,1661.43994140625,1666.8900146484375,0,0.0,0.0
2019-09-23 00:00:00+02:00,1666.6700439453125,1666.780029296875,1629.300048828125,1637.6600341796875,0,0.0,0.0
2019-09-24 00:00:00+02:00,1638.3499755859375,1643.8800048828125,1633.0899658203125,1633.0899658203125,0,0.0,0.0
2019-09-25 00:00:00+02:00,1632.18994140625,1632.18994140625,1604.1199951171875,1620.6700439453125,0,0.0,0.0
2019-09-26 00:00:00+02:00,1620.9100341796875,1635.68994140625,1614.8499755859375,1631.6099853515625,0,0.0,0.0
2019-09-27 00:00:00+02:00,1632.3199462890625,1646.699951171875,1632.3199462890625,1646.5999755859375,0,0.0,0.0
2019-09-30 00:00:00+02:00,1646.31005859375,1652.0899658203125,1642.6700439453125,1647.6700439453125,0,0.0,0.0
2019-10-01 00:00:00+02:00,1647.9300537109375,1658.989990234375,1631.6199951171875,1635.6400146484375,0,0.0,0.0
2019-10-02 00:00:00+02:00,1634.530029296875,1634.530029296875,1590.6500244140625,1593.3199462890625,0,0.0,0.0
2019-10-03 00:00:00+02:00,1593.4599609375,1605.5400390625,1574.02001953125,1588.4100341796875,0,0.0,0.0
2019-10-04 00:00:00+02:00,1589.739990234375,1595.6500244140625,1581.3900146484375,1593.97998046875,0,0.0,0.0
2019-10-07 00:00:00+02:00,1595.239990234375,1619.8499755859375,1591.219970703125,1617.989990234375,0,0.0,0.0
2019-10-08 00:00:00+02:00,1618.969970703125,1623.3800048828125,1596.75,1605.68994140625,0,0.0,0.0
2019-10-09 00:00:00+02:00,1604.68994140625,1625.469970703125,1599.469970703125,1620.0,0,0.0,0.0
2019-10-10 00:00:00+02:00,1620.6199951171875,1630.550048828125,1607.0699462890625,1630.030029296875,0,0.0,0.0
2019-10-11 00:00:00+02:00,1631.9000244140625,1654.510009765625,1628.77001953125,1653.280029296875,0,0.0,0.0
2019-10-14 00:00:00+02:00,1652.969970703125,1653.3800048828125,1639.97998046875,1652.5799560546875,0,0.0,0.0
2019-10-15 00:00:00+02:00,1653.219970703125,1675.0899658203125,1653.219970703125,1670.2099609375,0,0.0,0.0
2019-10-16 00:00:00+02:00,1670.2099609375,1680.989990234375,1667.2099609375,1677.18994140625,0,0.0,0.0
2019-10-17 00:00:00+02:00,1683.8900146484375,1693.1500244140625,1677.22998046875,1682.8699951171875,0,0.0,0.0
2019-10-18 00:00:00+02:00,1678.8900146484375,1699.3199462890625,1673.510009765625,1697.9100341796875,0,0.0,0.0
2019-10-21 00:00:00+02:00,1697.449951171875,1725.31005859375,1696.3499755859375,1724.3599853515625,0,0.0,0.0
2019-10-22 00:00:00+02:00,1724.550048828125,1734.7099609375,1724.3800048828125,1728.219970703125,0,0.0,0.0
2019-10-23 00:00:00+02:00,1726.52001953125,1726.52001953125,1712.77001953125,1725.8699951171875,0,0.0,0.0
2019-10-24 00:00:00+02:00,1726.0999755859375,1737.4599609375,1720.3699951171875,1736.97998046875,0,0.0,0.0
2019-10-25 00:00:00+02:00,1736.550048828125,1747.300048828125,1732.260009765625,1747.300048828125,0,0.0,0.0
2019-10-28 00:00:00+01:00,1748.550048828125,1761.8299560546875,1746.3199462890625,1760.31005859375,0,0.0,0.0
2019-10-29 00:00:00+01:00,1760.260009765625,1760.260009765625,1738.1400146484375,1742.3199462890625,0,0.0,0.0
2019-10-30 00:00:00+01:00,1742.22998046875,1750.0400390625,1736.8900146484375,1746.81005859375,0,0.0,0.0
2019-10-31 00:00:00+01:00,1747.5999755859375,1750.72998046875,1727.8900146484375,1733.6800537109375,0,0.0,0.0
2019-11-01 00:00:00+01:00,1734.1400146484375,1739.800048828125,1733.760009765625,1737.510009765625,0,0.0,0.0
2019-11-04 00:00:00+01:00,1761.1800537109375,1771.3699951171875,1761.050048828125,1771.030029296875,0,0.0,0.0
2019-11-05 00:00:00+01:00,1771.1400146484375,1773.7099609375,1759.6400146484375,1769.530029296875,0,0.0,0.0
2019-11-06 00:00:00+01:00,1768.6199951171875,1777.8199462890625,1760.5899658203125,1762.7900390625,0,0.0,0.0
2019-11-07 00:00:00+01:00,1764.0699462890625,1779.8299560546875,1763.81005859375,1763.81005859375,72408000,0.0,0.0
2019-11-08 00:00:00+01:00,1763.8299560546875,1773.6099853515625,1757.280029296875,1772.56005859375,0,0.0,0.0
2019-11-11 00:00:00+01:00,1769.6800537109375,1770.9599609375,1757.1099853515625,1763.5,0,0.0,0.0
2019-11-12 00:00:00+01:00,1763.6700439453125,1776.8399658203125,1758.6199951171875,1774.719970703125,0,0.0,0.0
2019-11-13 00:00:00+01:00,1773.780029296875,1773.780029296875,1753.0799560546875,1766.5999755859375,0,0.0,0.0
2019-11-14 00:00:00+01:00,1766.3800048828125,1767.8499755859375,1755.3900146484375,1757.4200439453125,0,0.0,0.0
2019-11-15 00:00:00+01:00,1759.3299560546875,1773.510009765625,1742.5400390625,1756.8599853515625,0,0.0,0.0
2019-11-18 00:00:00+01:00,1757.5400390625,1763.1500244140625,1741.4000244140625,1745.1700439453125,0,0.0,0.0
2019-11-19 00:00:00+01:00,1745.3699951171875,1758.300048828125,1739.4300537109375,1743.25,0,0.0,0.0
2019-11-20 00:00:00+01:00,1741.9100341796875,1741.9100341796875,1727.77001953125,1729.06005859375,0,0.0,0.0
2019-11-21 00:00:00+01:00,1726.4300537109375,1726.4300537109375,1711.27001953125,1720.1099853515625,0,0.0,0.0
2019-11-22 00:00:00+01:00,1720.3499755859375,1731.97998046875,1717.97998046875,1724.18994140625,0,0.0,0.0
2019-11-25 00:00:00+01:00,1726.0699462890625,1742.06005859375,1726.0699462890625,1742.0400390625,0,0.0,0.0
2019-11-26 00:00:00+01:00,1742.510009765625,1744.8199462890625,1730.8900146484375,1740.989990234375,0,0.0,0.0
2019-11-27 00:00:00+01:00,1742.75,1748.93994140625,1734.97998046875,1737.800048828125,0,0.0,0.0
2019-11-28 00:00:00+01:00,1737.010009765625,1737.5999755859375,1729.3800048828125,1735.300048828125,41320100,0.0,0.0
2019-11-29 00:00:00+01:00,1733.25,1737.0899658203125,1720.8499755859375,1730.25,0,0.0,0.0
2019-12-02 00:00:00+01:00,1730.949951171875,1744.739990234375,1704.3699951171875,1706.8199462890625,0,0.0,0.0
2019-12-03 00:00:00+01:00,1707.1300048828125,1721.43994140625,1692.8699951171875,1697.6800537109375,0,0.0,0.0
2019-12-04 00:00:00+01:00,1697.9000244140625,1726.8599853515625,1697.72998046875,1725.5999755859375,72806900,0.0,0.0
2019-12-05 00:00:00+01:00,1726.31005859375,1735.8599853515625,1720.1500244140625,1723.6300048828125,65504000,0.0,0.0
2019-12-06 00:00:00+01:00,1723.699951171875,1743.030029296875,1723.699951171875,1742.6099853515625,68061800,0.0,0.0
2019-12-09 00:00:00+01:00,1742.1700439453125,1750.5799560546875,1738.8299560546875,1743.31005859375,76400100,0.0,0.0
2019-12-10 00:00:00+01:00,1742.77001953125,1742.77001953125,1714.47998046875,1735.510009765625,79621300,0.0,0.0
2019-12-11 00:00:00+01:00,1735.0999755859375,1744.25,1723.75,1741.6199951171875,79400500,0.0,0.0
2019-12-12 00:00:00+01:00,1741.7099609375,1760.8699951171875,1732.22998046875,1758.239990234375,91345000,0.0,0.0
2019-12-13 00:00:00+01:00,1761.6600341796875,1780.68994140625,1761.6600341796875,1770.1199951171875,102249700,0.0,0.0
2019-12-16 00:00:00+01:00,1770.8900146484375,1787.8900146484375,1767.9300537109375,1787.6600341796875,80364100,0.0,0.0
2019-12-17 00:00:00+01:00,1787.3699951171875,1791.9300537109375,1781.8399658203125,1791.9300537109375,92098700,0.0,0.0
2019-12-18 00:00:00+01:00,1790.1300048828125,1796.0799560546875,1782.8199462890625,1787.9599609375,95773000,0.0,0.0
2019-12-19 00:00:00+01:00,1787.8599853515625,1793.18994140625,1779.68994140625,1783.2900390625,93182500,0.0,0.0
2019-12-20 00:00:00+01:00,1783.199951171875,1795.4300537109375,1783.0799560546875,1794.800048828125,107914000,0.0,0.0
2019-12-23 00:00:00+01:00,1794.9300537109375,1800.68994140625,1791.0899658203125,1795.6600341796875,46172600,0.0,0.0
2019-12-27 00:00:00+01:00,1796.199951171875,1802.22998046875,1792.1700439453125,1798.0400390625,44420100,0.0,0.0
2019-12-30 00:00:00+01:00,1797.6600341796875,1798.2900390625,1769.18994140625,1771.8499755859375,0,0.0,0.0
2020-01-02 00:00:00+01:00,1771.8499755859375,1810.199951171875,1771.8499755859375,1808.6300048828125,66471900,0.0,0.0
2020-01-03 00:00:00+01:00,1806.4100341796875,1806.4100341796875,1778.530029296875,1785.22998046875,60176800,0.0,0.0
2020-01-07 00:00:00+01:00,1784.93994140625,1805.6500244140625,1784.8599853515625,1796.8499755859375,71141000,0.0,0.0
2020-01-08 00:00:00+01:00,1795.1500244140625,1796.7900390625,1774.3599853515625,1795.4100341796875,61540300,0.0,0.0
2020-01-09 00:00:00+01:00,1797.6800537109375,1811.219970703125,1793.739990234375,1796.739990234375,81381800,0.0,0.0
2020-01-10 00:00:00+01:00,1797.52001953125,1800.1600341796875,1784.280029296875,1784.969970703125,68331400,0.0,0.0
2020-01-13 00:00:00+01:00,1786.4100341796875,1798.0699462890625,1781.3199462890625,1790.510009765625,65913500,0.0,0.0
2020-01-14 00:00:00+01:00,1790.5799560546875,1794.02001953125,1772.68994140625,1792.9000244140625,68698400,0.0,0.0
2020-01-15 00:00:00+01:00,1792.6300048828125,1794.0799560546875,1780.8800048828125,1787.2900390625,87793300,0.0,0.0
2020-01-16 00:00:00+01:00,1787.300048828125,1812.300048828125,1787.300048828125,1812.300048828125,83445800,0.0,0.0
2020-01-17 00:00:00+01:00,1813.239990234375,1831.52001953125,1813.239990234375,1825.93994140625,85989200,0.0,0.0
2020-01-20 00:00:00+01:00,1824.969970703125,1829.6800537109375,1819.800048828125,1821.2900390625,55952300,0.0,0.0
2020-01-21 00:00:00+01:00,1819.77001953125,1826.6199951171875,1800.5999755859375,1825.6199951171875,65265800,0.0,0.0
2020-01-22 00:00:00+01:00,1823.8399658203125,1834.0999755859375,1810.719970703125,1811.760009765625,75215100,0.0,0.0
2020-01-23 00:00:00+01:00,1809.4300537109375,1809.719970703125,1790.969970703125,1795.4300537109375,71663000,0.0,0.0
2020-01-24 00:00:00+01:00,1798.2900390625,1820.75,1798.2900390625,1812.8499755859375,107751400,0.0,0.0
2020-01-27 00:00:00+01:00,1808.030029296875,1808.030029296875,1766.7099609375,1771.47998046875,99970600,0.0,0.0
2020-01-28 00:00:00+01:00,1773.0400390625,1791.5,1763.449951171875,1786.3499755859375,116927600,0.0,0.0
2020-01-29 00:00:00+01:00,1790.25,1798.52001953125,1784.1500244140625,1791.6700439453125,104412300,0.0,0.0
2020-01-30 00:00:00+01:00,1788.8699951171875,1805.6199951171875,1771.1500244140625,1787.9599609375,134063900,0.0,0.0
2020-01-31 00:00:00+01:00,1788.6600341796875,1806.550048828125,1778.0799560546875,1783.260009765625,111161300,0.0,0.0
2020-02-03 00:00:00+01:00,1784.0699462890625,1791.5899658203125,1774.1800537109375,1782.9100341796875,79752900,0.0,0.0
2020-02-04 00:00:00+01:00,1785.4100341796875,1821.0400390625,1785.4100341796875,1821.0400390625,94517700,0.0,0.0
2020-02-05 00:00:00+01:00,1820.5999755859375,1854.0999755859375,1815.3199462890625,1847.3499755859375,119999800,0.0,0.0
2020-02-06 00:00:00+01:00,1847.6400146484375,1864.3199462890625,1843.8599853515625,1851.949951171875,120201900,0.0,0.0
2020-02-07 00:00:00+01:00,1851.06005859375,1856.3399658203125,1841.5899658203125,1849.8599853515625,111075200,0.0,0.0
2020-02-10 00:00:00+01:00,1848.9599609375,1860.699951171875,1843.469970703125,1858.0,80178600,0.0,0.0
2020-02-11 00:00:00+01:00,1859.239990234375,1885.5,1859.239990234375,1884.1300048828125,93510400,0.0,0.0
2020-02-12 00:00:00+01:00,1884.75,1893.27001953125,1879.1300048828125,1889.75,84555000,0.0,0.0
2020-02-13 00:00:00+01:00,1887.25,1887.25,1864.050048828125,1883.02001953125,84793300,0.0,0.0
2020-02-14 00:00:00+01:00,1882.219970703125,1892.1500244140625,1881.3499755859375,1885.6199951171875,61757600,0.0,0.0
2020-02-17 00:00:00+01:00,1885.4200439453125,1897.9300537109375,1885.4200439453125,1888.3499755859375,0,0.0,0.0
2020-02-18 00:00:00+01:00,1887.18994140625,1888.97998046875,1869.27001953125,1878.7900390625,65472300,0.0,0.0
2020-02-19 00:00:00+01:00,1880.68994140625,1901.1300048828125,1880.68994140625,1900.280029296875,66385900,0.0,0.0
2020-02-20 00:00:00+01:00,1900.68994140625,1905.6199951171875,1896.780029296875,1898.9300537109375,72830900,0.0,0.0
2020-02-21 00:00:00+01:00,1896.760009765625,1896.760009765625,1871.219970703125,1879.0999755859375,76566700,0.0,0.0
2020-02-24 00:00:00+01:00,1872.0,1872.0,1791.9599609375,1798.199951171875,125975600,0.0,0.0
2020-02-25 00:00:00+01:00,1799.510009765625,1812.9000244140625,1766.3299560546875,1769.1400146484375,107411700,0.0,0.0
2020-02-26 00:00:00+01:00,1765.9000244140625,1787.0699462890625,1709.3199462890625,1782.0999755859375,126548700,0.0,0.0
2020-02-27 00:00:00+01:00,1779.719970703125,1779.719970703125,1691.1300048828125,1721.5899658203125,137092800,0.0,0.0
2020-02-28 00:00:00+01:00,1666.9300537109375,1689.6700439453125,1646.1099853515625,1668.8399658203125,190623500,0.0,0.0
2020-03-02 00:00:00+01:00,1702.8800048828125,1711.5400390625,1644.3299560546875,1679.1300048828125,142409500,0.0,0.0
2020-03-03 00:00:00+01:00,1704.739990234375,1732.030029296875,1693.2099609375,1694.56005859375,130376500,0.0,0.0
2020-03-04 00:00:00+01:00,1702.1300048828125,1724.260009765625,1687.3299560546875,1704.199951171875,109488000,0.0,0.0
2020-03-05 00:00:00+01:00,1723.219970703125,1723.510009765625,1666.77001953125,1683.18994140625,118620900,0.0,0.0
2020-03-06 00:00:00+01:00,1648.3499755859375,1657.1300048828125,1616.06005859375,1629.0,138081100,0.0,0.0
2020-03-09 00:00:00+01:00,1523.239990234375,1568.6700439453125,1511.1800537109375,1542.43994140625,235466100,0.0,0.0
2020-03-10 00:00:00+01:00,1557.010009765625,1604.72998046875,1521.8399658203125,1533.7900390625,174311100,0.0,0.0
2020-03-11 00:00:00+01:00,1548.3199462890625,1561.43994140625,1506.8399658203125,1511.9599609375,154954500,0.0,0.0
2020-03-12 00:00:00+01:00,1433.489990234375,1447.68994140625,1344.0799560546875,1352.1300048828125,305008600,0.0,0.0
2020-03-13 00:00:00+01:00,1379.5699462890625,1469.7099609375,1343.8800048828125,1376.4599609375,259539100,0.0,0.0
2020-03-16 00:00:00+01:00,1305.9000244140625,1355.8800048828125,1261.1700439453125,1329.1600341796875,253693100,0.0,0.0
2020-03-17 00:00:00+01:00,1366.800048828125,1384.75,1295.4000244140625,1372.7900390625,215418300,0.0,0.0
2020-03-18 00:00:00+01:00,1331.489990234375,1364.56005859375,1310.9599609375,1337.239990234375,223480600,0.0,0.0
2020-03-19 00:00:00+01:00,1345.6800537109375,1380.5799560546875,1328.52001953125,1380.5799560546875,211614200,0.0,0.0
2020-03-20 00:00:00+01:00,1422.8599853515625,1431.56005859375,1355.5400390625,1355.5400390625,200718800,0.0,0.0
2020-03-23 00:00:00+01:00,1290.449951171875,1351.739990234375,1284.47998046875,1292.27001953125,179643300,0.0,0.0
2020-03-24 00:00:00+01:00,1351.469970703125,1383.8800048828125,1332.4100341796875,1383.8800048828125,180632000,0.0,0.0
2020-03-25 00:00:00+01:00,1426.780029296875,1446.56005859375,1362.760009765625,1446.56005859375,172191000,0.0,0.0
2020-03-26 00:00:00+01:00,1411.530029296875,1470.8900146484375,1402.8599853515625,1470.8900146484375,155494600,0.0,0.0
2020-03-27 00:00:00+01:00,1454.0999755859375,1454.449951171875,1405.949951171875,1419.2900390625,136395200,0.0,0.0
2020-03-30 00:00:00+02:00,1428.9599609375,1449.199951171875,1394.9599609375,1449.199951171875,128362500,0.0,0.0
2020-03-31 00:00:00+02:00,1472.260009765625,1487.06005859375,1445.3499755859375,1482.4300537109375,173596100,0.0,0.0
2020-04-01 00:00:00+02:00,1439.239990234375,1447.969970703125,1425.719970703125,1425.989990234375,117369200,0.0,0.0
2020-04-02 00:00:00+02:00,1436.8499755859375,1439.4000244140625,1400.27001953125,1427.18994140625,135758500,0.0,0.0
2020-04-03 00:00:00+02:00,1425.9200439453125,1430.199951171875,1401.1199951171875,1404.5899658203125,97561300,0.0,0.0
2020-04-06 00:00:00+02:00,1443.3599853515625,1463.06005859375,1438.8800048828125,1461.22998046875,115900300,0.0,0.0
2020-04-07 00:00:00+02:00,1493.780029296875,1514.1700439453125,1483.18994140625,1510.8499755859375,160205800,0.0,0.0
2020-04-08 00:00:00+02:00,1494.3900146484375,1502.8800048828125,1485.02001953125,1499.510009765625,112388500,0.0,0.0
2020-04-09 00:00:00+02:00,1518.8199462890625,1526.949951171875,1495.7900390625,1498.760009765625,63370400,0.0,0.0
2020-04-14 00:00:00+02:00,1529.8499755859375,1538.9100341796875,1516.510009765625,1535.8399658203125,135625400,0.0,0.0
2020-04-15 00:00:00+02:00,1531.469970703125,1534.4100341796875,1478.8199462890625,1480.5999755859375,121295400,0.0,0.0
2020-04-16 00:00:00+02:00,1496.469970703125,1499.9100341796875,1469.1400146484375,1483.7900390625,107740800,0.0,0.0
2020-04-17 00:00:00+02:00,1525.27001953125,1536.8399658203125,1520.719970703125,1534.550048828125,139931900,0.0,0.0
2020-04-20 00:00:00+02:00,1548.6800537109375,1548.6800537109375,1518.1199951171875,1541.1700439453125,83310900,0.0,0.0
2020-04-21 00:00:00+02:00,1525.449951171875,1525.5999755859375,1493.449951171875,1493.449951171875,108467700,0.0,0.0
2020-04-22 00:00:00+02:00,1508.5699462890625,1527.68994140625,1503.300048828125,1527.6300048828125,110609500,0.0,0.0
2020-04-23 00:00:00+02:00,1535.93994140625,1547.47998046875,1512.6800537109375,1541.8900146484375,111840800,0.0,0.0
2020-04-24 00:00:00+02:00,1515.6400146484375,1529.18994140625,1511.280029296875,1514.1300048828125,103030800,0.0,0.0
2020-04-27 00:00:00+02:00,1536.8299560546875,1543.4200439453125,1528.1400146484375,1539.510009765625,93375200,0.0,0.0
2020-04-28 00:00:00+02:00,1542.5999755859375,1571.31005859375,1538.260009765625,1568.5,119075300,0.0,0.0
2020-04-29 00:00:00+02:00,1566.4100341796875,1602.3399658203125,1559.6300048828125,1600.8599853515625,132448600,0.0,0.0
2020-04-30 00:00:00+02:00,1602.6800537109375,1606.81005859375,1577.9000244140625,1577.9200439453125,83946200,0.0,0.0
2020-05-04 00:00:00+02:00,1531.989990234375,1531.989990234375,1505.2099609375,1505.2099609375,137043300,0.0,0.0
2020-05-05 00:00:00+02:00,1525.4300537109375,1539.4000244140625,1515.4100341796875,1538.1800537109375,92875500,0.0,0.0
2020-05-06 00:00:00+02:00,1535.6700439453125,1537.550048828125,1520.7099609375,1521.4000244140625,87488100,0.0,0.0
2020-05-07 00:00:00+02:00,1529.3800048828125,1540.550048828125,1524.239990234375,1537.739990234375,83170700,0.0,0.0
2020-05-08 00:00:00+02:00,1549.010009765625,1564.6500244140625,1547.0,1563.18994140625,0,0.0,0.0
2020-05-11 00:00:00+02:00,1568.4200439453125,1572.22998046875,1542.1400146484375,1556.489990234375,80079800,0.0,0.0
2020-05-12 00:00:00+02:00,1547.449951171875,1572.510009765625,1543.780029296875,1570.030029296875,86736600,0.0,0.0
2020-05-13 00:00:00+02:00,1550.5699462890625,1551.530029296875,1522.1099853515625,1522.6400146484375,102793800,0.0,0.0
2020-05-14 00:00:00+02:00,1507.3599853515625,1513.1099853515625,1461.27001953125,1476.52001953125,116605400,0.0,0.0
2020-05-15 00:00:00+02:00,1490.989990234375,1508.43994140625,1481.8900146484375,1493.6199951171875,106796600,0.0,0.0
2020-05-18 00:00:00+02:00,1520.739990234375,1566.2099609375,1519.6800537109375,1566.1600341796875,105598200,0.0,0.0
2020-05-19 00:00:00+02:00,1576.8800048828125,1576.9200439453125,1545.760009765625,1560.280029296875,109511700,0.0,0.0
2020-05-20 00:00:00+02:00,1546.7099609375,1565.280029296875,1539.8399658203125,1556.43994140625,54394300,0.0,0.0
2020-05-22 00:00:00+02:00,1539.780029296875,1560.0799560546875,1533.489990234375,1555.489990234375,86901000,0.0,0.0
2020-05-25 00:00:00+02:00,1570.280029296875,1592.1600341796875,1564.75,1588.5999755859375,65330700,0.0,0.0
2020-05-26 00:00:00+02:00,1604.989990234375,1609.72998046875,1594.3299560546875,1606.6500244140625,98478200,0.0,0.0
2020-05-27 00:00:00+02:00,1607.0699462890625,1633.7900390625,1606.56005859375,1623.3900146484375,117193700,0.0,0.0
2020-05-28 00:00:00+02:00,1637.0400390625,1659.0699462890625,1630.8499755859375,1657.5799560546875,111325200,0.0,0.0
2020-05-29 00:00:00+02:00,1642.1300048828125,1645.8499755859375,1625.699951171875,1629.760009765625,210944400,0.0,0.0
2020-06-01 00:00:00+02:00,1650.989990234375,1651.280029296875,1633.06005859375,1649.3800048828125,81839400,0.0,0.0
2020-06-02 00:00:00+02:00,1657.68994140625,1678.72998046875,1654.2099609375,1666.97998046875,112254900,0.0,0.0
2020-06-03 00:00:00+02:00,1684.280029296875,1709.9599609375,1682.52001953125,1709.9599609375,123035700,0.0,0.0
2020-06-04 00:00:00+02:00,1703.0,1708.6300048828125,1690.0699462890625,1700.47998046875,105834400,0.0,0.0
2020-06-05 00:00:00+02:00,1709.949951171875,1730.6800537109375,1706.1300048828125,1730.510009765625,121308500,0.0,0.0
2020-06-08 00:00:00+02:00,1723.1300048828125,1729.1099853515625,1710.3299560546875,1717.6600341796875,110278500,0.0,0.0
2020-06-09 00:00:00+02:00,1719.719970703125,1721.6700439453125,1682.550048828125,1696.699951171875,123015400,0.0,0.0
2020-06-10 00:00:00+02:00,1700.800048828125,1715.9200439453125,1687.300048828125,1692.3199462890625,107549400,0.0,0.0
2020-06-11 00:00:00+02:00,1655.1300048828125,1658.0699462890625,1609.06005859375,1609.06005859375,144473500,0.0,0.0
2020-06-12 00:00:00+02:00,1590.22998046875,1634.22998046875,1590.22998046875,1609.0699462890625,106865600,0.0,0.0
2020-06-15 00:00:00+02:00,1577.9200439453125,1620.3399658203125,1571.489990234375,1616.1400146484375,0,0.0,0.0
2020-06-16 00:00:00+02:00,1650.8199462890625,1677.0,1643.5400390625,1671.8399658203125,0,0.0,0.0
2020-06-17 00:00:00+02:00,1674.760009765625,1688.8699951171875,1672.260009765625,1677.530029296875,0,0.0,0.0
2020-06-18 00:00:00+02:00,1667.030029296875,1677.52001953125,1659.0400390625,1667.9300537109375,0,0.0,0.0
2020-06-22 00:00:00+02:00,1655.969970703125,1668.72998046875,1647.260009765625,1657.7099609375,88938800,0.0,0.0
2020-06-23 00:00:00+02:00,1669.3299560546875,1694.27001953125,1667.760009765625,1683.3599853515625,97150100,0.0,0.0
2020-06-24 00:00:00+02:00,1676.510009765625,1681.6199951171875,1641.8399658203125,1642.9100341796875,87008700,0.0,0.0
2020-06-25 00:00:00+02:00,1634.6600341796875,1662.280029296875,1625.8800048828125,1660.9599609375,89205000,0.0,0.0
2020-06-26 00:00:00+02:00,1677.4000244140625,1689.7099609375,1657.5999755859375,1657.6600341796875,103013300,0.0,0.0
2020-06-29 00:00:00+02:00,1655.81005859375,1674.5699462890625,1650.9200439453125,1671.530029296875,82716200,0.0,0.0
2020-06-30 00:00:00+02:00,1674.6099853515625,1679.25,1653.22998046875,1664.3800048828125,89683400,0.0,0.0
2020-07-01 00:00:00+02:00,1665.260009765625,1687.9300537109375,1657.780029296875,1675.0400390625,88432700,0.0,0.0
2020-07-02 00:00:00+02:00,1691.530029296875,1704.530029296875,1682.780029296875,1703.8199462890625,84529500,0.0,0.0
2020-07-03 00:00:00+02:00,1704.9100341796875,1710.6500244140625,1691.510009765625,1695.260009765625,54329500,0.0,0.0
2020-07-06 00:00:00+02:00,1722.1300048828125,1732.25,1714.18994140625,1730.8800048828125,77615900,0.0,0.0
2020-07-07 00:00:00+02:00,1722.3800048828125,1724.530029296875,1711.47998046875,1720.449951171875,75783300,0.0,0.0
2020-07-08 00:00:00+02:00,1705.72998046875,1725.3699951171875,1705.72998046875,1712.530029296875,71591800,0.0,0.0
2020-07-09 00:00:00+02:00,1722.1300048828125,1723.699951171875,1696.8399658203125,1697.8399658203125,64870700,0.0,0.0
2020-07-10 00:00:00+02:00,1691.0799560546875,1713.1099853515625,1691.0,1711.6199951171875,64384200,0.0,0.0
2020-07-13 00:00:00+02:00,1727.800048828125,1745.1800537109375,1722.93994140625,1742.72998046875,77412500,0.0,0.0
2020-07-14 00:00:00+02:00,1730.5999755859375,1742.0,1723.47998046875,1738.5999755859375,88922300,0.0,0.0
2020-07-15 00:00:00+02:00,1755.030029296875,1772.06005859375,1742.6800537109375,1767.8499755859375,103803700,0.0,0.0
2020-07-16 00:00:00+02:00,1761.75,1761.9300537109375,1748.280029296875,1754.550048828125,90960300,0.0,0.0
2020-07-17 00:00:00+02:00,1780.5400390625,1781.0999755859375,1759.56005859375,1770.1500244140625,125544600,0.0,0.0
2020-07-20 00:00:00+02:00,1775.3599853515625,1787.22998046875,1766.3199462890625,1784.5400390625,93704400,0.0,0.0
2020-07-21 00:00:00+02:00,1796.010009765625,1797.6400146484375,1773.2099609375,1775.3900146484375,104095000,0.0,0.0
2020-07-22 00:00:00+02:00,1776.739990234375,1782.1400146484375,1765.1700439453125,1779.8499755859375,77703900,0.0,0.0
2020-07-23 00:00:00+02:00,1790.1400146484375,1793.0,1776.02001953125,1781.0999755859375,61322700,0.0,0.0
2020-07-24 00:00:00+02:00,1755.760009765625,1761.8900146484375,1740.030029296875,1750.239990234375,61280600,0.0,0.0
2020-07-27 00:00:00+02:00,1747.8599853515625,1763.0799560546875,1745.5999755859375,1760.31005859375,53413400,0.0,0.0
2020-07-28 00:00:00+02:00,1763.1300048828125,1763.7099609375,1744.47998046875,1754.25,58236500,0.0,0.0
2020-07-29 00:00:00+02:00,1752.02001953125,1762.0799560546875,1750.4200439453125,1760.5899658203125,57062200,0.0,0.0
2020-07-30 00:00:00+02:00,1758.2900390625,1758.4000244140625,1711.6700439453125,1720.280029296875,73271900,0.0,0.0
2020-07-31 00:00:00+02:00,1726.2900390625,1738.6500244140625,1706.3900146484375,1707.3499755859375,76017300,0.0,0.0
2020-08-03 00:00:00+02:00,1708.739990234375,1751.260009765625,1702.3299560546875,1746.3199462890625,59192600,0.0,0.0
2020-08-04 00:00:00+02:00,1754.75,1756.6600341796875,1726.5699462890625,1734.25,0,0.0,0.0
2020-08-05 00:00:00+02:00,1746.0400390625,1751.3699951171875,1736.1300048828125,1745.489990234375,56505900,0.0,0.0
2020-08-06 00:00:00+02:00,1745.6700439453125,1750.6700439453125,1730.5,1739.1400146484375,58298900,0.0,0.0
2020-08-07 00:00:00+02:00,1733.3800048828125,1746.050048828125,1730.1400146484375,1740.4599609375,47938900,0.0,0.0
2020-08-10 00:00:00+02:00,1750.010009765625,1754.989990234375,1740.199951171875,1748.9100341796875,52768000,0.0,0.0
2020-08-11 00:00:00+02:00,1760.6400146484375,1792.8299560546875,1760.6400146484375,1786.280029296875,81965300,0.0,0.0
2020-08-12 00:00:00+02:00,1782.510009765625,1790.9200439453125,1773.1500244140625,1788.989990234375,65694600,0.0,0.0
2020-08-13 00:00:00+02:00,1780.199951171875,1795.800048828125,1779.7900390625,1786.800048828125,50591500,0.0,0.0
2020-08-14 00:00:00+02:00,1781.7099609375,1781.8499755859375,1746.8800048828125,1754.199951171875,65744400,0.0,0.0
2020-08-17 00:00:00+02:00,1755.280029296875,1773.5999755859375,1755.280029296875,1773.530029296875,54100700,0.0,0.0
2020-08-18 00:00:00+02:00,1764.47998046875,1780.4000244140625,1755.449951171875,1760.0899658203125,0,0.0,0.0
2020-08-19 00:00:00+02:00,1760.9599609375,1775.9000244140625,1757.93994140625,1775.239990234375,0,0.0,0.0
2020-08-20 00:00:00+02:00,1756.6400146484375,1761.510009765625,1743.300048828125,1751.9300537109375,0,0.0,0.0
2020-08-21 00:00:00+02:00,1757.699951171875,1765.8499755859375,1738.969970703125,1753.1300048828125,0,0.0,0.0
2020-08-24 00:00:00+02:00,1765.949951171875,1792.0999755859375,1765.949951171875,1788.4000244140625,0,0.0,0.0
2020-08-25 00:00:00+02:00,1794.2900390625,1807.199951171875,1786.1400146484375,1786.27001953125,0,0.0,0.0
2020-08-26 00:00:00+02:00,1781.300048828125,1798.31005859375,1776.3299560546875,1798.31005859375,0,0.0,0.0
2020-08-27 00:00:00+02:00,1803.0799560546875,1805.0400390625,1791.9100341796875,1793.969970703125,0,0.0,0.0
2020-08-28 00:00:00+02:00,1796.6800537109375,1797.52001953125,1770.5,1776.5699462890625,0,0.0,0.0
2020-08-31 00:00:00+02:00,1784.25,1793.2900390625,1766.3299560546875,1766.3299560546875,0,0.0,0.0
2020-09-01 00:00:00+02:00,1778.75,1786.530029296875,1756.510009765625,1769.43994140625,0,0.0,0.0
2020-09-02 00:00:00+02:00,1779.449951171875,1804.5,1777.5899658203125,1782.8599853515625,0,0.0,0.0
2020-09-03 00:00:00+02:00,1800.8299560546875,1815.239990234375,1755.3199462890625,1760.6099853515625,0,0.0,0.0
2020-09-04 00:00:00+02:00,1759.699951171875,1792.0999755859375,1748.5699462890625,1761.989990234375,0,0.0,0.0
2020-09-07 00:00:00+02:00,1776.1600341796875,1800.9100341796875,1773.93994140625,1799.260009765625,60534200,0.0,0.0
2020-09-08 00:00:00+02:00,1800.3900146484375,1801.25,1768.4300537109375,1782.5999755859375,0,0.0,0.0
2020-09-09 00:00:00+02:00,1780.47998046875,1812.8199462890625,1779.3800048828125,1812.5799560546875,0,0.0,0.0
2020-09-10 00:00:00+02:00,1811.489990234375,1813.760009765625,1792.4300537109375,1802.8499755859375,0,0.0,0.0
2020-09-11 00:00:00+02:00,1800.9000244140625,1812.0,1792.2099609375,1801.4599609375,0,0.0,0.0
2020-09-14 00:00:00+02:00,1810.199951171875,1816.949951171875,1795.5400390625,1802.68994140625,0,0.0,0.0
2020-09-15 00:00:00+02:00,1801.510009765625,1829.3699951171875,1801.06005859375,1818.800048828125,0,0.0,0.0
2020-09-16 00:00:00+02:00,1822.0899658203125,1839.43994140625,1821.0899658203125,1838.260009765625,0,0.0,0.0
2020-09-17 00:00:00+02:00,1820.6600341796875,1836.5999755859375,1815.4000244140625,1833.75,0,0.0,0.0
2020-09-18 00:00:00+02:00,1834.0,1847.3599853515625,1830.989990234375,1835.3599853515625,0,0.0,0.0
2020-09-21 00:00:00+02:00,1822.3199462890625,1822.3199462890625,1769.719970703125,1770.6099853515625,0,0.0,0.0
2020-09-22 00:00:00+02:00,1780.0799560546875,1793.3599853515625,1776.8499755859375,1781.9200439453125,0,0.0,0.0
2020-09-23 00:00:00+02:00,1791.6700439453125,1814.530029296875,1789.699951171875,1795.6400146484375,0,0.0,0.0
2020-09-24 00:00:00+02:00,1773.1199951171875,1789.050048828125,1767.469970703125,1777.510009765625,0,0.0,0.0
2020-09-25 00:00:00+02:00,1782.1800537109375,1789.1500244140625,1762.4300537109375,1783.8699951171875,0,0.0,0.0
2020-09-28 00:00:00+02:00,1810.8399658203125,1836.949951171875,1806.77001953125,1834.6400146484375,0,0.0,0.0
2020-09-29 00:00:00+02:00,1833.2099609375,1842.300048828125,1827.7900390625,1836.5999755859375,0,0.0,0.0
2020-09-30 00:00:00+02:00,1827.9300537109375,1841.2900390625,1820.800048828125,1829.4000244140625,0,0.0,0.0
2020-10-01 00:00:00+02:00,1836.6500244140625,1842.0,1825.7900390625,1830.0400390625,0,0.0,0.0
2020-10-02 00:00:00+02:00,1816.3199462890625,1816.3199462890625,1790.6800537109375,1813.68994140625,0,0.0,0.0
2020-10-05 00:00:00+02:00,1828.27001953125,1842.219970703125,1828.27001953125,1839.6800537109375,0,0.0,0.0
2020-10-06 00:00:00+02:00,1847.8800048828125,1855.5699462890625,1833.800048828125,1839.1500244140625,0,0.0,0.0
2020-10-07 00:00:00+02:00,1836.6199951171875,1851.1400146484375,1836.4100341796875,1839.219970703125,0,0.0,0.0
2020-10-08 00:00:00+02:00,1849.3699951171875,1850.8199462890625,1833.780029296875,1841.4000244140625,0,0.0,0.0
2020-10-09 00:00:00+02:00,1843.9300537109375,1848.56005859375,1836.300048828125,1840.0699462890625,0,0.0,0.0
2020-10-12 00:00:00+02:00,1844.8299560546875,1857.72998046875,1841.260009765625,1855.3900146484375,0,0.0,0.0
2020-10-13 00:00:00+02:00,1854.9200439453125,1856.1800537109375,1832.1600341796875,1833.4599609375,0,0.0,0.0
2020-10-14 00:00:00+02:00,1838.3800048828125,1849.0,1833.489990234375,1840.8499755859375,0,0.0,0.0
2020-10-15 00:00:00+02:00,1824.27001953125,1825.0899658203125,1802.52001953125,1812.949951171875,0,0.0,0.0
2020-10-16 00:00:00+02:00,1829.3299560546875,1841.699951171875,1811.8199462890625,1835.300048828125,0,0.0,0.0
2020-10-19 00:00:00+02:00,1841.77001953125,1851.4300537109375,1833.699951171875,1841.5899658203125,0,0.0,0.0
2020-10-20 00:00:00+02:00,1841.4000244140625,1854.3499755859375,1836.75,1841.5899658203125,0,0.0,0.0
2020-10-21 00:00:00+02:00,1848.6500244140625,1849.6099853515625,1815.5899658203125,1820.719970703125,0,0.0,0.0
2020-10-22 00:00:00+02:00,1807.0799560546875,1818.300048828125,1791.81005859375,1816.2900390625,0,0.0,0.0
2020-10-23 00:00:00+02:00,1816.989990234375,1830.0899658203125,1814.4300537109375,1819.93994140625,0,0.0,0.0
2020-10-26 00:00:00+01:00,1797.699951171875,1808.9300537109375,1774.93994140625,1775.010009765625,0,0.0,0.0
2020-10-27 00:00:00+01:00,1784.6500244140625,1785.3199462890625,1757.300048828125,1764.010009765625,0,0.0,0.0
2020-10-28 00:00:00+01:00,1738.300048828125,1744.47998046875,1715.239990234375,1722.6600341796875,0,0.0,0.0
2020-10-29 00:00:00+01:00,1718.93994140625,1733.7900390625,1704.800048828125,1716.030029296875,0,0.0,0.0
2020-10-30 00:00:00+01:00,1702.68994140625,1722.77001953125,1702.68994140625,1717.6199951171875,0,0.0,0.0
2020-11-02 00:00:00+01:00,1723.25,1752.530029296875,1710.1199951171875,1748.4200439453125,0,0.0,0.0
2020-11-03 00:00:00+01:00,1762.9599609375,1774.97998046875,1757.5699462890625,1772.27001953125,0,0.0,0.0
2020-11-04 00:00:00+01:00,1748.280029296875,1801.02001953125,1740.3599853515625,1795.530029296875,0,0.0,0.0
2020-11-05 00:00:00+01:00,1809.1800537109375,1823.8299560546875,1805.52001953125,1822.2099609375,0,0.0,0.0
2020-11-06 00:00:00+01:00,1818.699951171875,1827.22998046875,1801.6700439453125,1819.52001953125,0,0.0,0.0
2020-11-09 00:00:00+01:00,1844.9000244140625,1903.1800537109375,1843.0799560546875,1888.739990234375,0,0.0,0.0
2020-11-10 00:00:00+01:00,1888.1400146484375,1893.300048828125,1873.9000244140625,1885.5400390625,0,0.0,0.0
2020-11-11 00:00:00+01:00,1883.1300048828125,1908.3399658203125,1880.300048828125,1902.8900146484375,0,0.0,0.0
2020-11-12 00:00:00+01:00,1888.5,1906.780029296875,1886.219970703125,1892.4100341796875,0,0.0,0.0
2020-11-13 00:00:00+01:00,1883.68994140625,1901.93994140625,1882.219970703125,1897.300048828125,0,0.0,0.0
2020-11-16 00:00:00+01:00,1907.469970703125,1926.9300537109375,1901.780029296875,1918.4599609375,0,0.0,0.0
2020-11-17 00:00:00+01:00,1913.2099609375,1925.3199462890625,1911.1700439453125,1922.199951171875,0,0.0,0.0
2020-11-18 00:00:00+01:00,1914.6400146484375,1928.5699462890625,1910.9599609375,1922.530029296875,0,0.0,0.0
2020-11-19 00:00:00+01:00,1907.5799560546875,1921.75,1904.8699951171875,1915.4000244140625,0,0.0,0.0
2020-11-20 00:00:00+01:00,1911.550048828125,1932.989990234375,1909.550048828125,1926.469970703125,0,0.0,0.0
2020-11-23 00:00:00+01:00,1931.9599609375,1940.0899658203125,1921.77001953125,1921.77001953125,0,0.0,0.0
2020-11-24 00:00:00+01:00,1934.4300537109375,1938.5699462890625,1927.25,1938.1400146484375,0,0.0,0.0
2020-11-25 00:00:00+01:00,1941.3800048828125,1950.81005859375,1927.5699462890625,1931.4300537109375,0,0.0,0.0
2020-11-26 00:00:00+01:00,1938.280029296875,1940.699951171875,1929.699951171875,1931.969970703125,52568100,0.0,0.0
2020-11-27 00:00:00+01:00,1924.5699462890625,1938.7099609375,1923.9000244140625,1937.0899658203125,0,0.0,0.0
2020-11-30 00:00:00+01:00,1930.5699462890625,1935.1099853515625,1916.8699951171875,1917.5400390625,0,0.0,0.0
2020-12-01 00:00:00+01:00,1923.469970703125,1927.7099609375,1913.0699462890625,1924.0,0,0.0,0.0
2020-12-02 00:00:00+01:00,1916.3599853515625,1925.8599853515625,1914.1099853515625,1918.989990234375,0,0.0,0.0
2020-12-03 00:00:00+01:00,1918.219970703125,1920.1400146484375,1904.0999755859375,1912.1800537109375,0,0.0,0.0
2020-12-04 00:00:00+01:00,1910.8900146484375,1919.31005859375,1908.9599609375,1916.93994140625,0,0.0,0.0
2020-12-07 00:00:00+01:00,1917.8199462890625,1920.0,1902.43994140625,1907.6099853515625,0,0.0,0.0
2020-12-08 00:00:00+01:00,1903.5400390625,1925.5,1897.0899658203125,1925.5,0,0.0,0.0
2020-12-09 00:00:00+01:00,1931.8299560546875,1934.300048828125,1922.969970703125,1926.4200439453125,0,0.0,0.0
2020-12-10 00:00:00+01:00,1925.8399658203125,1927.280029296875,1894.8800048828125,1906.8199462890625,0,0.0,0.0
2020-12-11 00:00:00+01:00,1892.18994140625,1896.3900146484375,1873.219970703125,1891.219970703125,0,0.0,0.0
2020-12-14 00:00:00+01:00,1900.219970703125,1908.22998046875,1888.0799560546875,1890.6500244140625,75682300,0.0,0.0
2020-12-15 00:00:00+01:00,1885.7099609375,1899.97998046875,1876.280029296875,1889.8399658203125,121123000,0.0,0.0
2020-12-16 00:00:00+01:00,1897.6300048828125,1908.010009765625,1880.0999755859375,1892.260009765625,0,0.0,0.0
2020-12-17 00:00:00+01:00,1900.239990234375,1902.6800537109375,1883.6600341796875,1885.1800537109375,0,0.0,0.0
2020-12-18 00:00:00+01:00,1881.760009765625,1898.219970703125,1881.0699462890625,1886.8800048828125,0,0.0,0.0
2020-12-21 00:00:00+01:00,1861.3800048828125,1866.9300537109375,1834.300048828125,1845.1099853515625,0,0.0,0.0
2020-12-22 00:00:00+01:00,1850.219970703125,1864.18994140625,1848.4599609375,1863.280029296875,0,0.0,0.0
2020-12-23 00:00:00+01:00,1865.68994140625,1867.989990234375,1855.8900146484375,1867.989990234375,0,0.0,0.0
2020-12-28 00:00:00+01:00,1877.0699462890625,1887.469970703125,1868.219970703125,1886.3800048828125,0,0.0,0.0
2020-12-29 00:00:00+01:00,1891.06005859375,1902.4000244140625,1888.2900390625,1893.06005859375,0,0.0,0.0
2020-12-30 00:00:00+01:00,1891.31005859375,1894.68994140625,1874.739990234375,1874.739990234375,0,0.0,0.0
2021-01-04 00:00:00+01:00,1887.8199462890625,1911.199951171875,1887.8199462890625,1895.489990234375,0,0.0,0.0
2021-01-05 00:00:00+01:00,1885.4300537109375,1908.0699462890625,1885.3299560546875,1892.3499755859375,0,0.0,0.0
2021-01-07 00:00:00+01:00,1931.8399658203125,1941.010009765625,1925.030029296875,1939.489990234375,0,0.0,0.0
2021-01-08 00:00:00+01:00,1951.1700439453125,1955.239990234375,1943.0699462890625,1949.3699951171875,0,0.0,0.0
2021-01-11 00:00:00+01:00,1948.030029296875,1955.9100341796875,1939.0699462890625,1941.489990234375,0,0.0,0.0
2021-01-12 00:00:00+01:00,1945.3599853515625,1960.5899658203125,1945.02001953125,1958.6199951171875,0,0.0,0.0
2021-01-13 00:00:00+01:00,1957.9000244140625,1965.6700439453125,1951.8800048828125,1962.260009765625,0,0.0,0.0
2021-01-14 00:00:00+01:00,1964.239990234375,1974.7900390625,1963.800048828125,1972.219970703125,0,0.0,0.0
2021-01-15 00:00:00+01:00,1969.739990234375,1973.5999755859375,1945.8399658203125,1954.7099609375,0,0.0,0.0
2021-01-18 00:00:00+01:00,1952.1400146484375,1964.1400146484375,1951.6800537109375,1962.4300537109375,49810000,0.0,0.0
2021-01-19 00:00:00+01:00,1975.81005859375,1978.6300048828125,1956.3299560546875,1957.8499755859375,75197700,0.0,0.0
2021-01-20 00:00:00+01:00,1967.4300537109375,1985.75,1967.06005859375,1978.3699951171875,0,0.0,0.0
2021-01-21 00:00:00+01:00,1992.4599609375,1996.43994140625,1980.2900390625,1987.260009765625,0,0.0,0.0
2021-01-22 00:00:00+01:00,1981.3900146484375,1987.030029296875,1974.47998046875,1986.239990234375,0,0.0,0.0
2021-01-25 00:00:00+01:00,1994.4100341796875,2000.1300048828125,1970.8199462890625,1975.06005859375,0,0.0,0.0
2021-01-26 00:00:00+01:00,1977.3599853515625,1998.4100341796875,1974.800048828125,1991.6600341796875,0,0.0,0.0
2021-01-27 00:00:00+01:00,1995.2099609375,1996.72998046875,1958.6500244140625,1976.199951171875,0,0.0,0.0
2021-01-28 00:00:00+01:00,1965.6600341796875,1979.0699462890625,1932.47998046875,1971.4000244140625,0,0.0,0.0
2021-01-29 00:00:00+01:00,1958.260009765625,1978.6500244140625,1948.199951171875,1948.7900390625,0,0.0,0.0
2021-02-01 00:00:00+01:00,1960.5400390625,1978.1500244140625,1954.3199462890625,1977.81005859375,0,0.0,0.0
2021-02-02 00:00:00+01:00,1985.9300537109375,1993.8699951171875,1979.5999755859375,1988.489990234375,92650100,0.0,0.0
2021-02-03 00:00:00+01:00,2005.06005859375,2005.75,1988.6700439453125,1997.6500244140625,89742700,0.0,0.0
2021-02-04 00:00:00+01:00,2002.8199462890625,2007.3900146484375,1995.9000244140625,2006.3299560546875,0,0.0,0.0
2021-02-05 00:00:00+01:00,2008.219970703125,2008.219970703125,1985.949951171875,1989.3399658203125,0,0.0,0.0
2021-02-08 00:00:00+01:00,2000.7900390625,2006.6800537109375,1996.2900390625,2002.52001953125,0,0.0,0.0
2021-02-09 00:00:00+01:00,2005.260009765625,2005.260009765625,1992.1700439453125,1999.18994140625,0,0.0,0.0
2021-02-10 00:00:00+01:00,2000.97998046875,2009.93994140625,1985.739990234375,1998.06005859375,0,0.0,0.0
2021-02-11 00:00:00+01:00,2003.6800537109375,2010.0699462890625,1996.949951171875,2010.0699462890625,0,0.0,0.0
2021-02-12 00:00:00+01:00,2006.260009765625,2025.8699951171875,2004.43994140625,2024.719970703125,0,0.0,0.0
2021-02-16 00:00:00+01:00,2038.1800537109375,2043.969970703125,2033.760009765625,2038.0699462890625,0,0.0,0.0
2021-02-17 00:00:00+01:00,2031.43994140625,2035.1700439453125,2011.969970703125,2017.260009765625,0,0.0,0.0
2021-02-18 00:00:00+01:00,2015.3499755859375,2025.0899658203125,2007.47998046875,2015.81005859375,0,0.0,0.0
2021-02-19 00:00:00+01:00,2019.2099609375,2036.969970703125,2017.550048828125,2036.969970703125,0,0.0,0.0
2021-02-22 00:00:00+01:00,2028.27001953125,2034.239990234375,2016.7900390625,2031.0400390625,0,0.0,0.0
2021-02-23 00:00:00+01:00,2034.06005859375,2036.8599853515625,1993.280029296875,2016.8299560546875,0,0.0,0.0
2021-02-24 00:00:00+01:00,2013.6800537109375,2039.3900146484375,2011.8800048828125,2037.25,112422200,0.0,0.0
2021-02-25 00:00:00+01:00,2048.409912109375,2053.5400390625,2035.9599609375,2038.9300537109375,84433800,0.0,0.0
2021-02-26 00:00:00+01:00,2009.949951171875,2030.1199951171875,2000.6199951171875,2009.9000244140625,0,0.0,0.0
2021-03-01 00:00:00+01:00,2029.739990234375,2054.77001953125,2029.739990234375,2054.669921875,0,0.0,0.0
2021-03-02 00:00:00+01:00,2054.550048828125,2074.840087890625,2049.9599609375,2067.10009765625,0,0.0,0.0
2021-03-03 00:00:00+01:00,2076.489990234375,2082.14990234375,2057.159912109375,2073.780029296875,0,0.0,0.0
2021-03-04 00:00:00+01:00,2064.68994140625,2074.300048828125,2054.699951171875,2065.14990234375,0,0.0,0.0
2021-03-05 00:00:00+01:00,2053.89990234375,2068.610107421875,2042.239990234375,2048.570068359375,0,0.0,0.0
2021-03-08 00:00:00+01:00,2062.340087890625,2106.429931640625,2056.669921875,2103.10009765625,0,0.0,0.0
2021-03-09 00:00:00+01:00,2102.590087890625,2125.110107421875,2098.6298828125,2124.85009765625,0,0.0,0.0
2021-03-10 00:00:00+01:00,2120.389892578125,2138.06005859375,2113.5,2134.4599609375,0,0.0,0.0
2021-03-11 00:00:00+01:00,2142.429931640625,2167.10009765625,2140.14990234375,2165.659912109375,0,0.0,0.0
2021-03-12 00:00:00+01:00,2158.080078125,2168.9599609375,2152.3798828125,2168.9599609375,0,0.0,0.0
2021-03-15 00:00:00+01:00,2175.530029296875,2188.030029296875,2158.699951171875,2161.830078125,0,0.0,0.0
2021-03-16 00:00:00+01:00,2174.050048828125,2184.4599609375,2172.320068359375,2180.139892578125,0,0.0,0.0
2021-03-17 00:00:00+01:00,2176.219970703125,2179.840087890625,2166.81005859375,2172.860107421875,0,0.0,0.0
2021-03-18 00:00:00+01:00,2179.409912109375,2187.320068359375,2170.010009765625,2179.989990234375,0,0.0,0.0
2021-03-19 00:00:00+01:00,2166.02001953125,2181.6201171875,2158.719970703125,2169.179931640625,0,0.0,0.0
2021-03-22 00:00:00+01:00,2160.9599609375,2178.75,2150.989990234375,2174.6298828125,0,0.0,0.0
2021-03-23 00:00:00+01:00,2172.580078125,2174.679931640625,2150.510009765625,2168.1201171875,0,0.0,0.0
2021-03-24 00:00:00+01:00,2154.1201171875,2185.679931640625,2153.360107421875,2184.60009765625,0,0.0,0.0
2021-03-25 00:00:00+01:00,2172.919921875,2184.219970703125,2152.5,2173.239990234375,0,0.0,0.0
2021-03-26 00:00:00+01:00,2178.919921875,2198.800048828125,2177.239990234375,2198.800048828125,0,0.0,0.0
2021-03-29 00:00:00+02:00,2197.530029296875,2200.39990234375,2180.2900390625,2182.2099609375,0,0.0,0.0
2021-03-30 00:00:00+02:00,2187.2099609375,2205.47998046875,2185.330078125,2205.409912109375,0,0.0,0.0
2021-03-31 00:00:00+02:00,2195.739990234375,2201.4599609375,2188.72998046875,2192.860107421875,0,0.0,0.0
2021-04-01 00:00:00+02:00,2195.22998046875,2207.679931640625,2190.0400390625,2202.610107421875,37434000,0.0,0.0
2021-04-06 00:00:00+02:00,2224.639892578125,2230.27001953125,2216.570068359375,2230.25,0,0.0,0.0
2021-04-07 00:00:00+02:00,2230.97998046875,2232.81005859375,2221.31005859375,2229.56005859375,0,0.0,0.0
2021-04-08 00:00:00+02:00,2237.18994140625,2247.659912109375,2236.139892578125,2240.39990234375,0,0.0,0.0
2021-04-09 00:00:00+02:00,2243.179931640625,2250.39990234375,2236.81005859375,2250.39990234375,0,0.0,0.0
2021-04-12 00:00:00+02:00,2246.429931640625,2246.429931640625,2231.6201171875,2233.199951171875,0,0.0,0.0
2021-04-13 00:00:00+02:00,2234.64990234375,2250.25,2231.050048828125,2247.2099609375,0,0.0,0.0
2021-04-14 00:00:00+02:00,2245.81005859375,2246.0400390625,2223.52001953125,2228.159912109375,0,0.0,0.0
2021-04-15 00:00:00+02:00,2232.3798828125,2246.0400390625,2232.239990234375,2242.97998046875,0,0.0,0.0
2021-04-16 00:00:00+02:00,2241.1298828125,2280.5,2238.14990234375,2280.5,0,0.0,0.0
2021-04-19 00:00:00+02:00,2280.5,2284.840087890625,2256.340087890625,2257.60009765625,0,0.0,0.0
2021-04-20 00:00:00+02:00,2253.510009765625,2261.530029296875,2197.4599609375,2204.81005859375,0,0.0,0.0
2021-04-21 00:00:00+02:00,2214.590087890625,2229.659912109375,2210.669921875,2228.2900390625,0,0.0,0.0
2021-04-22 00:00:00+02:00,2241.35009765625,2241.35009765625,2222.419921875,2232.419921875,0,0.0,0.0
2021-04-23 00:00:00+02:00,2222.47998046875,2241.030029296875,2220.719970703125,2240.949951171875,0,0.0,0.0
2021-04-26 00:00:00+02:00,2246.429931640625,2247.679931640625,2234.580078125,2244.360107421875,0,0.0,0.0
2021-04-27 00:00:00+02:00,2248.10009765625,2262.840087890625,2237.56005859375,2262.840087890625,0,0.0,0.0
2021-04-28 00:00:00+02:00,2266.219970703125,2266.219970703125,2223.169921875,2239.25,0,0.0,0.0
2021-04-29 00:00:00+02:00,2250.18994140625,2257.409912109375,2230.830078125,2232.840087890625,0,0.0,0.0
2021-04-30 00:00:00+02:00,2238.97998046875,2243.1201171875,2217.02001953125,2217.02001953125,0,0.0,0.0
2021-05-03 00:00:00+02:00,2225.010009765625,2238.409912109375,2211.72998046875,2231.590087890625,68430200,0.0,0.0
2021-05-04 00:00:00+02:00,2236.6201171875,2239.68994140625,2191.47998046875,2194.580078125,88416700,0.0,0.0
2021-05-05 00:00:00+02:00,2214.719970703125,2255.530029296875,2213.719970703125,2255.489990234375,0,0.0,0.0
2021-05-06 00:00:00+02:00,2251.27001953125,2256.800048828125,2227.35009765625,2246.610107421875,0,0.0,0.0
2021-05-07 00:00:00+02:00,2266.22998046875,2269.43994140625,2247.43994140625,2260.1298828125,0,0.0,0.0
2021-05-10 00:00:00+02:00,2266.89990234375,2268.429931640625,2248.06005859375,2265.010009765625,0,0.0,0.0
2021-05-11 00:00:00+02:00,2246.2099609375,2249.6298828125,2188.510009765625,2193.760009765625,0,0.0,0.0
2021-05-12 00:00:00+02:00,2191.6201171875,2215.68994140625,2191.43994140625,2205.800048828125,0,0.0,0.0
2021-05-14 00:00:00+02:00,2227.60009765625,2248.72998046875,2212.360107421875,2247.8798828125,0,0.0,0.0
2021-05-17 00:00:00+02:00,2245.449951171875,2253.590087890625,2220.090087890625,2230.39990234375,0,0.0,0.0
2021-05-18 00:00:00+02:00,2245.919921875,2254.300048828125,2239.68994140625,2249.679931640625,0,0.0,0.0
2021-05-19 00:00:00+02:00,2224.1298828125,2226.659912109375,2189.47998046875,2201.510009765625,0,0.0,0.0
2021-05-20 00:00:00+02:00,2214.760009765625,2241.169921875,2204.469970703125,2240.280029296875,78201000,0.0,0.0
2021-05-21 00:00:00+02:00,2249.330078125,2249.4599609375,2226.889892578125,2240.840087890625,0,0.0,0.0
2021-05-24 00:00:00+02:00,2243.0,2248.47998046875,2235.77001953125,2245.0400390625,0,0.0,0.0
2021-05-25 00:00:00+02:00,2248.300048828125,2254.419921875,2241.389892578125,2243.169921875,0,0.0,0.0
2021-05-26 00:00:00+02:00,2245.330078125,2252.570068359375,2220.64990234375,2227.070068359375,0,0.0,0.0
2021-05-27 00:00:00+02:00,2225.090087890625,2251.52001953125,2221.389892578125,2244.4599609375,0,0.0,0.0
2021-05-28 00:00:00+02:00,2249.570068359375,2258.929931640625,2240.889892578125,2255.449951171875,0,0.0,0.0
2021-05-31 00:00:00+02:00,2254.820068359375,2259.639892578125,2241.8701171875,2241.8701171875,0,0.0,0.0
2021-06-01 00:00:00+02:00,2253.0400390625,2274.989990234375,2250.760009765625,2264.530029296875,78247700,0.0,0.0
2021-06-02 00:00:00+02:00,2267.419921875,2275.75,2259.43994140625,2268.800048828125,0,0.0,0.0
2021-06-03 00:00:00+02:00,2269.8798828125,2274.02001953125,2248.679931640625,2273.35009765625,0,0.0,0.0
2021-06-04 00:00:00+02:00,2272.179931640625,2286.85009765625,2262.43994140625,2271.429931640625,0,0.0,0.0
2021-06-07 00:00:00+02:00,2271.239990234375,2280.010009765625,2265.699951171875,2267.7099609375,0,0.0,0.0
2021-06-08 00:00:00+02:00,2264.22998046875,2281.570068359375,2261.60009765625,2274.8798828125,0,0.0,0.0
2021-06-09 00:00:00+02:00,2276.419921875,2278.25,2264.840087890625,2272.2900390625,0,0.0,0.0
2021-06-10 00:00:00+02:00,2273.25,2273.25,2260.52001953125,2267.919921875,0,0.0,0.0
2021-06-11 00:00:00+02:00,2269.330078125,2281.39990234375,2263.330078125,2278.60009765625,0,0.0,0.0
2021-06-14 00:00:00+02:00,2286.219970703125,2300.3798828125,2274.64990234375,2284.639892578125,0,0.0,0.0
2021-06-15 00:00:00+02:00,2294.8701171875,2298.110107421875,2278.14990234375,2280.070068359375,0,0.0,0.0
2021-06-16 00:00:00+02:00,2283.02001953125,2293.280029296875,2273.7900390625,2286.409912109375,0,0.0,0.0
2021-06-17 00:00:00+02:00,2275.60009765625,2283.989990234375,2269.550048828125,2272.81005859375,0,0.0,0.0
2021-06-18 00:00:00+02:00,2267.6201171875,2285.85009765625,2245.199951171875,2248.02001953125,0,0.0,0.0
2021-06-21 00:00:00+02:00,2233.719970703125,2270.070068359375,2227.25,2265.8701171875,0,0.0,0.0
2021-06-22 00:00:00+02:00,2272.2099609375,2274.090087890625,2253.639892578125,2268.0,0,0.0,0.0
2021-06-23 00:00:00+02:00,2272.1201171875,2275.1298828125,2242.239990234375,2242.239990234375,0,0.0,0.0
2021-06-24 00:00:00+02:00,2246.22998046875,2271.5400390625,2245.219970703125,2270.93994140625,0,0.0,0.0
2021-06-28 00:00:00+02:00,2275.6298828125,2276.97998046875,2254.02001953125,2256.340087890625,0,0.0,0.0
2021-06-29 00:00:00+02:00,2256.780029296875,2282.330078125,2256.31005859375,2279.760009765625,0,0.0,0.0
2021-06-30 00:00:00+02:00,2280.050048828125,2285.85009765625,2249.02001953125,2263.1298828125,0,0.0,0.0
2021-07-01 00:00:00+02:00,2273.39990234375,2279.489990234375,2254.419921875,2273.889892578125,69867300,0.0,0.0
2021-07-02 00:00:00+02:00,2280.7099609375,2299.010009765625,2279.8701171875,2288.929931640625,61634100,0.0,0.0
2021-07-05 00:00:00+02:00,2286.5400390625,2299.320068359375,2271.93994140625,2299.070068359375,68430300,0.0,0.0
2021-07-06 00:00:00+02:00,2300.360107421875,2312.77001953125,2285.0400390625,2288.699951171875,56722200,0.0,0.0
2021-07-07 00:00:00+02:00,2299.72998046875,2326.070068359375,2299.72998046875,2326.070068359375,0,0.0,0.0
2021-07-08 00:00:00+02:00,2317.56005859375,2321.22998046875,2279.1201171875,2289.93994140625,0,0.0,0.0
2021-07-09 00:00:00+02:00,2301.93994140625,2321.35009765625,2299.02001953125,2319.530029296875,0,0.0,0.0
2021-07-12 00:00:00+02:00,2320.8798828125,2338.10009765625,2313.2099609375,2337.72998046875,0,0.0,0.0
2021-07-13 00:00:00+02:00,2339.909912109375,2353.300048828125,2333.68994140625,2349.18994140625,0,0.0,0.0
2021-07-14 00:00:00+02:00,2344.409912109375,2358.679931640625,2338.419921875,2356.340087890625,0,0.0,0.0
2021-07-15 00:00:00+02:00,2354.179931640625,2364.989990234375,2337.81005859375,2344.489990234375,0,0.0,0.0
2021-07-16 00:00:00+02:00,2348.64990234375,2355.06005859375,2332.1201171875,2338.800048828125,0,0.0,0.0
2021-07-19 00:00:00+02:00,2330.47998046875,2330.47998046875,2280.5400390625,2287.4599609375,0,0.0,0.0
2021-07-20 00:00:00+02:00,2298.1298828125,2310.199951171875,2281.929931640625,2303.5400390625,0,0.0,0.0
2021-07-21 00:00:00+02:00,2317.239990234375,2338.72998046875,2316.780029296875,2334.3701171875,0,0.0,0.0
2021-07-22 00:00:00+02:00,2346.9599609375,2357.139892578125,2341.02001953125,2352.35009765625,0,0.0,0.0
2021-07-23 00:00:00+02:00,2363.449951171875,2384.800048828125,2357.840087890625,2384.68994140625,0,0.0,0.0
2021-07-26 00:00:00+02:00,2377.81005859375,2392.760009765625,2375.110107421875,2387.659912109375,0,0.0,0.0
2021-07-27 00:00:00+02:00,2378.219970703125,2385.719970703125,2366.989990234375,2375.969970703125,0,0.0,0.0
2021-07-28 00:00:00+02:00,2378.780029296875,2384.77001953125,2373.6201171875,2381.889892578125,0,0.0,0.0
2021-07-29 00:00:00+02:00,2391.080078125,2392.4599609375,2379.77001953125,2384.18994140625,0,0.0,0.0
2021-07-30 00:00:00+02:00,2369.3798828125,2373.989990234375,2353.139892578125,2369.889892578125,0,0.0,0.0
2021-08-02 00:00:00+02:00,2382.489990234375,2392.68994140625,2374.7099609375,2381.659912109375,0,0.0,0.0
2021-08-03 00:00:00+02:00,2382.3701171875,2383.75,2370.64990234375,2380.139892578125,0,0.0,0.0
2021-08-04 00:00:00+02:00,2388.239990234375,2397.2900390625,2382.300048828125,2393.10009765625,0,0.0,0.0
2021-08-05 00:00:00+02:00,2391.02001953125,2403.669921875,2390.389892578125,2393.679931640625,0,0.0,0.0
2021-08-06 00:00:00+02:00,2395.199951171875,2396.409912109375,2379.679931640625,2380.4599609375,0,0.0,0.0
2021-08-09 00:00:00+02:00,2375.800048828125,2385.699951171875,2367.510009765625,2384.760009765625,0,0.0,0.0
2021-08-10 00:00:00+02:00,2385.919921875,2395.280029296875,2385.760009765625,2393.739990234375,0,0.0,0.0
2021-08-11 00:00:00+02:00,2397.179931640625,2404.360107421875,2388.300048828125,2401.489990234375,0,0.0,0.0
2021-08-12 00:00:00+02:00,2400.949951171875,2406.31005859375,2395.469970703125,2405.530029296875,0,0.0,0.0
2021-08-13 00:00:00+02:00,2405.969970703125,2412.6201171875,2403.800048828125,2407.0400390625,0,0.0,0.0
2021-08-16 00:00:00+02:00,2396.989990234375,2397.080078125,2368.659912109375,2373.550048828125,0,0.0,0.0
2021-08-17 00:00:00+02:00,2367.260009765625,2386.31005859375,2363.110107421875,2383.449951171875,0,0.0,0.0
2021-08-18 00:00:00+02:00,2385.580078125,2393.639892578125,2367.97998046875,2371.3701171875,0,0.0,0.0
2021-08-19 00:00:00+02:00,2341.679931640625,2350.449951171875,2314.080078125,2330.300048828125,0,0.0,0.0
2021-08-20 00:00:00+02:00,2330.300048828125,2364.81005859375,2319.530029296875,2360.5,0,0.0,0.0
2021-08-23 00:00:00+02:00,2377.739990234375,2379.570068359375,2356.280029296875,2371.550048828125,0,0.0,0.0
2021-08-24 00:00:00+02:00,2378.590087890625,2381.179931640625,2358.580078125,2367.050048828125,0,0.0,0.0
2021-08-25 00:00:00+02:00,2363.070068359375,2376.610107421875,2362.330078125,2376.159912109375,0,0.0,0.0
2021-08-26 00:00:00+02:00,2364.22998046875,2374.669921875,2361.89990234375,2371.699951171875,0,0.0,0.0
2021-08-27 00:00:00+02:00,2369.169921875,2376.030029296875,2364.35009765625,2373.139892578125,0,0.0,0.0
2021-08-30 00:00:00+02:00,2377.030029296875,2380.7900390625,2366.610107421875,2372.81005859375,0,0.0,0.0
2021-08-31 00:00:00+02:00,2377.090087890625,2379.830078125,2347.610107421875,2351.25,0,0.0,0.0
2021-09-01 00:00:00+02:00,2369.510009765625,2375.2900390625,2356.989990234375,2368.669921875,0,0.0,0.0
2021-09-02 00:00:00+02:00,2369.659912109375,2390.18994140625,2369.659912109375,2388.39990234375,0,0.0,0.0
2021-09-03 00:00:00+02:00,2388.47998046875,2392.969970703125,2369.72998046875,2369.72998046875,0,0.0,0.0
2021-09-06 00:00:00+02:00,2379.590087890625,2398.14990234375,2377.570068359375,2394.260009765625,44474800,0.0,0.0
2021-09-07 00:00:00+02:00,2391.56005859375,2394.18994140625,2369.800048828125,2377.93994140625,0,0.0,0.0
2021-09-08 00:00:00+02:00,2361.199951171875,2362.8798828125,2341.360107421875,2347.159912109375,0,0.0,0.0
2021-09-09 00:00:00+02:00,2329.419921875,2367.7099609375,2327.570068359375,2353.389892578125,0,0.0,0.0
2021-09-10 00:00:00+02:00,2355.580078125,2364.300048828125,2347.510009765625,2349.669921875,0,0.0,0.0
2021-09-13 00:00:00+02:00,2355.10009765625,2358.22998046875,2335.22998046875,2335.340087890625,0,0.0,0.0
2021-09-14 00:00:00+02:00,2338.18994140625,2342.719970703125,2326.669921875,2341.77001953125,0,0.0,0.0
2021-09-15 00:00:00+02:00,2338.179931640625,2342.860107421875,2318.6298828125,2324.75,0,0.0,0.0
2021-09-16 00:00:00+02:00,2332.75,2354.489990234375,2328.6298828125,2344.030029296875,0,0.0,0.0
2021-09-17 00:00:00+02:00,2358.6298828125,2361.030029296875,2321.469970703125,2323.550048828125,0,0.0,0.0
2021-09-20 00:00:00+02:00,2296.530029296875,2299.81005859375,2257.320068359375,2272.4599609375,0,0.0,0.0
2021-09-21 00:00:00+02:00,2273.6201171875,2294.449951171875,2273.43994140625,2274.8798828125,0,0.0,0.0
2021-09-22 00:00:00+02:00,2294.7900390625,2302.820068359375,2284.5,2299.14990234375,0,0.0,0.0
2021-09-23 00:00:00+02:00,2320.110107421875,2340.10009765625,2316.989990234375,2338.0,0,0.0,0.0
2021-09-24 00:00:00+02:00,2332.3798828125,2332.3798828125,2309.110107421875,2313.27001953125,0,0.0,0.0
2021-09-27 00:00:00+02:00,2329.719970703125,2333.64990234375,2300.580078125,2304.010009765625,0,0.0,0.0
2021-09-28 00:00:00+02:00,2297.570068359375,2299.840087890625,2253.659912109375,2254.02001953125,0,0.0,0.0
2021-09-29 00:00:00+02:00,2264.739990234375,2275.31005859375,2250.18994140625,2255.550048828125,73173900,0.0,0.0
2021-09-30 00:00:00+02:00,2270.64990234375,2278.18994140625,2249.4599609375,2259.179931640625,0,0.0,0.0
2021-10-01 00:00:00+02:00,2224.39990234375,2256.590087890625,2218.199951171875,2254.179931640625,0,0.0,0.0
2021-10-04 00:00:00+02:00,2241.5400390625,2254.3798828125,2228.52001953125,2233.300048828125,0,0.0,0.0
2021-10-05 00:00:00+02:00,2231.75,2254.840087890625,2223.659912109375,2254.840087890625,0,0.0,0.0
2021-10-06 00:00:00+02:00,2239.68994140625,2239.830078125,2203.580078125,2221.06005859375,0,0.0,0.0
2021-10-07 00:00:00+02:00,2245.39990234375,2260.47998046875,2237.77001953125,2257.739990234375,0,0.0,0.0
2021-10-08 00:00:00+02:00,2257.6201171875,2259.2900390625,2234.719970703125,2240.219970703125,0,0.0,0.0
2021-10-11 00:00:00+02:00,2232.5,2234.739990234375,2215.360107421875,2233.52001953125,0,0.0,0.0
2021-10-12 00:00:00+02:00,2210.159912109375,2252.39990234375,2204.6201171875,2251.010009765625,0,0.0,0.0
2021-10-13 00:00:00+02:00,2246.9599609375,2280.97998046875,2235.669921875,2276.949951171875,0,0.0,0.0
2021-10-14 00:00:00+02:00,2289.639892578125,2298.10009765625,2282.010009765625,2296.77001953125,0,0.0,0.0
2021-10-15 00:00:00+02:00,2305.9599609375,2318.7900390625,2298.75,2314.97998046875,0,0.0,0.0
2021-10-18 00:00:00+02:00,2309.97998046875,2326.43994140625,2303.14990234375,2311.699951171875,0,0.0,0.0
2021-10-19 00:00:00+02:00,2319.340087890625,2329.639892578125,2314.14990234375,2326.659912109375,0,0.0,0.0
2021-10-20 00:00:00+02:00,2318.739990234375,2326.739990234375,2304.340087890625,2326.25,0,0.0,0.0
2021-10-21 00:00:00+02:00,2311.56005859375,2328.070068359375,2307.5400390625,2325.14990234375,0,0.0,0.0
2021-10-22 00:00:00+02:00,2327.070068359375,2352.0400390625,2316.159912109375,2348.840087890625,0,0.0,0.0
2021-10-25 00:00:00+02:00,2352.989990234375,2353.6298828125,2326.719970703125,2330.1298828125,0,0.0,0.0
2021-10-26 00:00:00+02:00,2326.9599609375,2352.239990234375,2324.550048828125,2344.199951171875,0,0.0,0.0
2021-10-27 00:00:00+02:00,2334.080078125,2339.780029296875,2320.909912109375,2323.169921875,0,0.0,0.0
2021-10-28 00:00:00+02:00,2310.639892578125,2316.02001953125,2301.610107421875,2313.239990234375,0,0.0,0.0
2021-10-29 00:00:00+02:00,2297.43994140625,2303.10009765625,2275.360107421875,2290.85009765625,0,0.0,0.0
2021-11-01 00:00:00+01:00,2301.010009765625,2310.610107421875,2295.77001953125,2302.260009765625,0,0.0,0.0
2021-11-02 00:00:00+01:00,2300.570068359375,2303.909912109375,2288.360107421875,2302.669921875,0,0.0,0.0
2021-11-03 00:00:00+01:00,2300.3701171875,2317.669921875,2295.3701171875,2317.669921875,0,0.0,0.0
2021-11-04 00:00:00+01:00,2330.56005859375,2331.919921875,2320.409912109375,2330.070068359375,0,0.0,0.0
2021-11-05 00:00:00+01:00,2326.22998046875,2333.639892578125,2322.56005859375,2324.89990234375,0,0.0,0.0
2021-11-08 00:00:00+01:00,2320.72998046875,2337.22998046875,2319.60009765625,2331.85009765625,0,0.0,0.0
2021-11-09 00:00:00+01:00,2326.860107421875,2338.949951171875,2321.5400390625,2327.1201171875,0,0.0,0.0
2021-11-10 00:00:00+01:00,2324.469970703125,2333.169921875,2316.639892578125,2331.419921875,0,0.0,0.0
2021-11-11 00:00:00+01:00,2331.090087890625,2351.030029296875,2328.570068359375,2346.4599609375,0,0.0,0.0
2021-11-12 00:00:00+01:00,2347.52001953125,2366.4599609375,2345.25,2365.449951171875,0,0.0,0.0
2021-11-15 00:00:00+01:00,2360.3798828125,2374.7099609375,2358.1298828125,2374.469970703125,0,0.0,0.0
2021-11-16 00:00:00+01:00,2379.27001953125,2390.340087890625,2368.969970703125,2385.6298828125,0,0.0,0.0
2021-11-17 00:00:00+01:00,2376.780029296875,2384.10009765625,2364.889892578125,2384.10009765625,0,0.0,0.0
2021-11-18 00:00:00+01:00,2383.239990234375,2387.139892578125,2366.830078125,2373.0400390625,0,0.0,0.0
2021-11-19 00:00:00+01:00,2379.6298828125,2389.110107421875,2356.39990234375,2373.919921875,0,0.0,0.0
2021-11-22 00:00:00+01:00,2378.949951171875,2384.429931640625,2368.570068359375,2368.570068359375,0,0.0,0.0
2021-11-23 00:00:00+01:00,2352.179931640625,2357.610107421875,2331.719970703125,2334.31005859375,0,0.0,0.0
2021-11-24 00:00:00+01:00,2339.780029296875,2352.64990234375,2324.4599609375,2336.5,0,0.0,0.0
2021-11-25 00:00:00+01:00,2342.3701171875,2348.4599609375,2326.97998046875,2335.590087890625,63983100,0.0,0.0
2021-11-26 00:00:00+01:00,2266.6298828125,2279.659912109375,2241.64990234375,2242.179931640625,0,0.0,0.0
2021-11-29 00:00:00+01:00,2262.56005859375,2286.2099609375,2255.360107421875,2272.27001953125,0,0.0,0.0
2021-11-30 00:00:00+01:00,2245.2099609375,2273.989990234375,2229.5,2241.659912109375,0,0.0,0.0
2021-12-01 00:00:00+01:00,2261.530029296875,2292.8798828125,2252.0400390625,2290.719970703125,0,0.0,0.0
2021-12-02 00:00:00+01:00,2261.47998046875,2276.1298828125,2243.669921875,2263.199951171875,0,0.0,0.0
2021-12-03 00:00:00+01:00,2278.919921875,2283.669921875,2238.2900390625,2240.830078125,0,0.0,0.0
2021-12-06 00:00:00+01:00,2260.31005859375,2288.659912109375,2247.7900390625,2285.530029296875,0,0.0,0.0
2021-12-07 00:00:00+01:00,2305.7099609375,2338.679931640625,2304.5,2334.85009765625,0,0.0,0.0
2021-12-08 00:00:00+01:00,2332.68994140625,2352.679931640625,2321.14990234375,2326.550048828125,0,0.0,0.0
2021-12-09 00:00:00+01:00,2338.919921875,2340.719970703125,2317.449951171875,2323.889892578125,0,0.0,0.0
2021-12-10 00:00:00+01:00,2312.110107421875,2328.719970703125,2308.43994140625,2315.72998046875,0,0.0,0.0
2021-12-13 00:00:00+01:00,2322.110107421875,2342.510009765625,2309.449951171875,2310.35009765625,0,0.0,0.0
2021-12-14 00:00:00+01:00,2319.8798828125,2329.739990234375,2283.199951171875,2286.3701171875,0,0.0,0.0
2021-12-15 00:00:00+01:00,2289.550048828125,2302.02001953125,2280.77001953125,2293.4599609375,0,0.0,0.0
2021-12-16 00:00:00+01:00,2330.77001953125,2333.18994140625,2304.52001953125,2311.030029296875,0,0.0,0.0
2021-12-17 00:00:00+01:00,2304.64990234375,2309.610107421875,2286.6298828125,2305.919921875,0,0.0,0.0
2021-12-20 00:00:00+01:00,2260.590087890625,2291.260009765625,2257.7900390625,2285.719970703125,0,0.0,0.0
2021-12-21 00:00:00+01:00,2305.1298828125,2319.52001953125,2302.510009765625,2319.52001953125,0,0.0,0.0
2021-12-22 00:00:00+01:00,2322.5400390625,2334.81005859375,2312.47998046875,2334.81005859375,0,0.0,0.0
2021-12-23 00:00:00+01:00,2346.320068359375,2385.659912109375,2345.969970703125,2385.6298828125,0,0.0,0.0
2021-12-27 00:00:00+01:00,2381.159912109375,2410.39990234375,2377.760009765625,2406.610107421875,0,0.0,0.0
2021-12-28 00:00:00+01:00,2407.919921875,2422.43994140625,2406.25,2420.469970703125,0,0.0,0.0
2021-12-29 00:00:00+01:00,2421.550048828125,2424.06005859375,2410.760009765625,2418.89990234375,0,0.0,0.0
2021-12-30 00:00:00+01:00,2417.699951171875,2425.199951171875,2415.159912109375,2419.72998046875,0,0.0,0.0
2022-01-03 00:00:00+01:00,2424.0400390625,2450.679931640625,2424.0400390625,2444.18994140625,0,0.0,0.0
2022-01-04 00:00:00+01:00,2456.10009765625,2466.929931640625,2450.6298828125,2456.169921875,0,0.0,0.0
2022-01-05 00:00:00+01:00,2459.47998046875,2460.7099609375,2442.81005859375,2442.81005859375,0,0.0,0.0
2022-01-07 00:00:00+01:00,2415.47998046875,2420.35009765625,2391.699951171875,2400.949951171875,0,0.0,0.0
2022-01-10 00:00:00+01:00,2413.52001953125,2415.909912109375,2346.570068359375,2352.72998046875,0,0.0,0.0
2022-01-11 00:00:00+01:00,2371.14990234375,2387.1298828125,2365.110107421875,2379.18994140625,0,0.0,0.0
2022-01-12 00:00:00+01:00,2398.97998046875,2405.0,2374.590087890625,2399.179931640625,0,0.0,0.0
2022-01-13 00:00:00+01:00,2396.429931640625,2405.239990234375,2386.56005859375,2397.9599609375,0,0.0,0.0
2022-01-14 00:00:00+01:00,2376.1201171875,2383.5,2356.0,2358.2900390625,0,0.0,0.0
2022-01-17 00:00:00+01:00,2366.72998046875,2372.93994140625,2353.4599609375,2363.1201171875,49725900,0.0,0.0
2022-01-18 00:00:00+01:00,2351.5,2351.5,2309.860107421875,2322.800048828125,0,0.0,0.0
2022-01-19 00:00:00+01:00,2308.14990234375,2355.27001953125,2306.97998046875,2332.9599609375,0,0.0,0.0
2022-01-20 00:00:00+01:00,2343.429931640625,2359.6298828125,2325.3798828125,2354.510009765625,0,0.0,0.0
2022-01-21 00:00:00+01:00,2328.110107421875,2331.669921875,2296.10009765625,2314.06005859375,81481600,0.0,0.0
2022-01-24 00:00:00+01:00,2296.64990234375,2302.239990234375,2211.429931640625,2223.989990234375,111640800,0.0,0.0
2022-01-25 00:00:00+01:00,2250.570068359375,2262.949951171875,2225.72998046875,2239.719970703125,0,0.0,0.0
2022-01-26 00:00:00+01:00,2259.590087890625,2297.89990234375,2257.0400390625,2286.110107421875,0,0.0,0.0
2022-01-27 00:00:00+01:00,2245.489990234375,2290.02001953125,2242.219970703125,2270.1201171875,0,0.0,0.0
2022-01-28 00:00:00+01:00,2267.6201171875,2271.8701171875,2232.1201171875,2266.820068359375,0,0.0,0.0
2022-01-31 00:00:00+01:00,2295.760009765625,2302.159912109375,2281.300048828125,2290.159912109375,0,0.0,0.0
2022-02-01 00:00:00+01:00,2309.179931640625,2321.639892578125,2304.10009765625,2313.199951171875,0,0.0,0.0
2022-02-02 00:00:00+01:00,2327.75,2331.909912109375,2317.64990234375,2324.47998046875,0,0.0,0.0
2022-02-03 00:00:00+01:00,2323.0400390625,2323.1201171875,2275.97998046875,2277.669921875,99874300,0.0,0.0
2022-02-04 00:00:00+01:00,2295.050048828125,2300.25,2250.139892578125,2254.300048828125,0,0.0,0.0
2022-02-07 00:00:00+01:00,2269.93994140625,2282.050048828125,2252.1201171875,2278.639892578125,0,0.0,0.0
2022-02-08 00:00:00+01:00,2274.9599609375,2291.320068359375,2262.4599609375,2274.39990234375,0,0.0,0.0
2022-02-09 00:00:00+01:00,2284.8798828125,2320.4599609375,2283.639892578125,2313.139892578125,0,0.0,0.0
2022-02-10 00:00:00+01:00,2320.81005859375,2324.669921875,2299.64990234375,2314.260009765625,0,0.0,0.0
2022-02-11 00:00:00+01:00,2291.97998046875,2304.409912109375,2284.330078125,2293.77001953125,0,0.0,0.0
2022-02-14 00:00:00+01:00,2240.1298828125,2247.550048828125,2210.580078125,2240.969970703125,0,0.0,0.0
2022-02-15 00:00:00+01:00,2236.85009765625,2285.8701171875,2234.0,2282.06005859375,0,0.0,0.0
2022-02-16 00:00:00+01:00,2289.5400390625,2290.949951171875,2256.760009765625,2263.409912109375,113366300,0.0,0.0
2022-02-17 00:00:00+01:00,2267.780029296875,2272.570068359375,2224.25,2229.14990234375,0,0.0,0.0
2022-02-18 00:00:00+01:00,2225.6201171875,2231.169921875,2190.1298828125,2197.719970703125,0,0.0,0.0
2022-02-21 00:00:00+01:00,2210.449951171875,2212.6298828125,2140.6201171875,2159.300048828125,84864500,0.0,0.0
2022-02-22 00:00:00+01:00,2109.260009765625,2175.989990234375,2108.68994140625,2157.919921875,0,0.0,0.0
2022-02-23 00:00:00+01:00,2163.030029296875,2181.5400390625,2139.679931640625,2142.030029296875,72651000,0.0,0.0
2022-02-24 00:00:00+01:00,2057.110107421875,2094.760009765625,2038.300048828125,2078.06005859375,0,0.0,0.0
2022-02-25 00:00:00+01:00,2100.7900390625,2143.919921875,2074.739990234375,2141.52001953125,0,0.0,0.0
2022-02-28 00:00:00+01:00,2094.39990234375,2135.219970703125,2083.610107421875,2134.070068359375,0,0.0,0.0
2022-03-01 00:00:00+01:00,2122.3798828125,2135.070068359375,2084.929931640625,2084.929931640625,0,0.0,0.0
2022-03-02 00:00:00+01:00,2066.27001953125,2107.06005859375,2041.239990234375,2096.530029296875,0,0.0,0.0
2022-03-03 00:00:00+01:00,2084.97998046875,2100.2099609375,2044.219970703125,2048.510009765625,0,0.0,0.0
2022-03-04 00:00:00+01:00,2023.1099853515625,2039.3299560546875,1982.4300537109375,1985.5400390625,0,0.0,0.0
2022-03-07 00:00:00+01:00,1924.06005859375,2014.25,1902.219970703125,1980.3499755859375,169900800,0.0,0.0
2022-03-08 00:00:00+01:00,1945.510009765625,2019.9100341796875,1945.510009765625,1972.0400390625,0,0.0,0.0
2022-03-09 00:00:00+01:00,2023.6400146484375,2041.9300537109375,2000.4300537109375,2041.6199951171875,0,0.0,0.0
2022-03-10 00:00:00+01:00,2056.860107421875,2059.89990234375,2018.18994140625,2038.9200439453125,0,0.0,0.0
2022-03-11 00:00:00+01:00,2047.6199951171875,2098.199951171875,2043.760009765625,2070.800048828125,0,0.0,0.0
2022-03-14 00:00:00+01:00,2084.3798828125,2115.070068359375,2077.139892578125,2096.43994140625,99035300,0.0,0.0
2022-03-15 00:00:00+01:00,2076.27001953125,2094.669921875,2044.989990234375,2085.080078125,103668400,0.0,0.0
2022-03-16 00:00:00+01:00,2128.300048828125,2172.449951171875,2121.449951171875,2167.14990234375,131073000,0.0,0.0
2022-03-17 00:00:00+01:00,2177.820068359375,2186.820068359375,2144.68994140625,2159.0,100928100,0.0,0.0
2022-03-18 00:00:00+01:00,2167.510009765625,2178.820068359375,2148.610107421875,2178.820068359375,127218300,0.0,0.0
2022-03-21 00:00:00+01:00,2177.639892578125,2188.219970703125,2166.489990234375,2181.050048828125,71124200,0.0,0.0
2022-03-22 00:00:00+01:00,2182.780029296875,2193.8798828125,2169.219970703125,2182.780029296875,75219600,0.0,0.0
2022-03-23 00:00:00+01:00,2189.820068359375,2190.659912109375,2140.72998046875,2155.639892578125,0,0.0,0.0
2022-03-24 00:00:00+01:00,2158.090087890625,2158.659912109375,2127.530029296875,2134.159912109375,0,0.0,0.0
2022-03-25 00:00:00+01:00,2125.6201171875,2135.179931640625,2100.199951171875,2106.52001953125,75903300,0.0,0.0
2022-03-28 00:00:00+02:00,2115.080078125,2139.010009765625,2113.830078125,2124.929931640625,0,0.0,0.0
2022-03-29 00:00:00+02:00,2144.679931640625,2175.169921875,2134.840087890625,2154.3798828125,104796700,0.0,0.0
2022-03-30 00:00:00+02:00,2147.3798828125,2148.3798828125,2107.679931640625,2130.300048828125,0,0.0,0.0
2022-03-31 00:00:00+02:00,2139.590087890625,2140.75,2092.780029296875,2095.169921875,0,0.0,0.0
2022-04-01 00:00:00+02:00,2096.489990234375,2122.1298828125,2086.169921875,2119.6201171875,0,0.0,0.0
2022-04-04 00:00:00+02:00,2125.47998046875,2142.330078125,2101.179931640625,2136.43994140625,75030000,0.0,0.0
2022-04-05 00:00:00+02:00,2136.52001953125,2149.030029296875,2123.909912109375,2132.52001953125,0,0.0,0.0
2022-04-06 00:00:00+02:00,2135.02001953125,2136.139892578125,2080.340087890625,2101.2099609375,0,0.0,0.0
2022-04-07 00:00:00+02:00,2103.14990234375,2123.8798828125,2095.0400390625,2108.0400390625,0,0.0,0.0
2022-04-08 00:00:00+02:00,2123.800048828125,2133.7900390625,2117.080078125,2131.860107421875,90173000,0.0,0.0
2022-04-11 00:00:00+02:00,2121.10009765625,2127.659912109375,2091.159912109375,2097.7099609375,0,0.0,0.0
2022-04-12 00:00:00+02:00,2077.2900390625,2113.9599609375,2063.919921875,2102.199951171875,0,0.0,0.0
2022-04-13 00:00:00+02:00,2094.080078125,2107.1298828125,2080.2099609375,2098.580078125,0,0.0,0.0
2022-04-14 00:00:00+02:00,2099.090087890625,2099.090087890625,2078.6298828125,2092.860107421875,0,0.0,0.0
2022-04-19 00:00:00+02:00,2085.18994140625,2102.919921875,2066.699951171875,2097.889892578125,0,0.0,0.0
2022-04-20 00:00:00+02:00,2100.699951171875,2128.830078125,2095.9599609375,2109.10009765625,0,0.0,0.0
2022-04-21 00:00:00+02:00,2111.8701171875,2143.360107421875,2104.419921875,2126.43994140625,90905300,0.0,0.0
2022-04-22 00:00:00+02:00,2100.739990234375,2118.330078125,2088.10009765625,2094.93994140625,0,0.0,0.0
2022-04-25 00:00:00+02:00,2051.159912109375,2071.760009765625,2041.6500244140625,2050.639892578125,0,0.0,0.0
2022-04-26 00:00:00+02:00,2064.2900390625,2079.75,2018.3299560546875,2018.3299560546875,0,0.0,0.0
2022-04-27 00:00:00+02:00,2013.780029296875,2059.760009765625,2011.8800048828125,2048.68994140625,0,0.0,0.0
2022-04-28 00:00:00+02:00,2062.0400390625,2066.39990234375,2024.1400146484375,2038.56005859375,150125500,0.0,0.0
2022-04-29 00:00:00+02:00,2054.659912109375,2075.31005859375,2042.97998046875,2058.89990234375,131672200,0.0,0.0
2022-05-02 00:00:00+02:00,2038.469970703125,2041.739990234375,1895.4100341796875,2020.4100341796875,0,0.0,0.0
2022-05-03 00:00:00+02:00,2037.25,2041.0,2024.1700439453125,2034.4599609375,0,0.0,0.0
2022-05-04 00:00:00+02:00,2030.7900390625,2033.469970703125,2008.969970703125,2011.1199951171875,0,0.0,0.0
2022-05-05 00:00:00+02:00,2040.1700439453125,2045.1800537109375,1981.77001953125,1985.1300048828125,0,0.0,0.0
2022-05-06 00:00:00+02:00,1972.949951171875,1980.6600341796875,1939.25,1962.0,0,0.0,0.0
2022-05-09 00:00:00+02:00,1946.8900146484375,1958.8499755859375,1908.969970703125,1914.8299560546875,0,0.0,0.0
2022-05-10 00:00:00+02:00,1932.4000244140625,1973.5899658203125,1924.8499755859375,1943.1099853515625,0,0.0,0.0
2022-05-11 00:00:00+02:00,1958.3499755859375,1977.6600341796875,1943.050048828125,1977.469970703125,0,0.0,0.0
2022-05-12 00:00:00+02:00,1940.6500244140625,1976.8199462890625,1936.3699951171875,1973.47998046875,0,0.0,0.0
2022-05-13 00:00:00+02:00,1995.010009765625,2015.9000244140625,1979.550048828125,2011.3299560546875,0,0.0,0.0
2022-05-16 00:00:00+02:00,2005.77001953125,2021.3299560546875,1996.25,2004.489990234375,0,0.0,0.0
2022-05-17 00:00:00+02:00,2020.02001953125,2039.8599853515625,2013.8800048828125,2027.3399658203125,0,0.0,0.0
2022-05-18 00:00:00+02:00,2033.93994140625,2038.75,2001.25,2002.5400390625,91331400,0.0,0.0
2022-05-19 00:00:00+02:00,1976.010009765625,1997.3499755859375,1967.4300537109375,1992.4000244140625,0,0.0,0.0
2022-05-20 00:00:00+02:00,2007.22998046875,2020.0999755859375,1987.780029296875,1994.0899658203125,0,0.0,0.0
2022-05-23 00:00:00+02:00,2019.2099609375,2025.1400146484375,1998.8399658203125,2018.8699951171875,0,0.0,0.0
2022-05-24 00:00:00+02:00,2004.0999755859375,2017.989990234375,1995.1800537109375,2001.0999755859375,88741800,0.0,0.0
2022-05-25 00:00:00+02:00,2014.550048828125,2019.780029296875,1981.8199462890625,1981.8199462890625,0,0.0,0.0
2022-05-27 00:00:00+02:00,2021.18994140625,2058.10009765625,2016.0999755859375,2058.10009765625,0,0.0,0.0
2022-05-30 00:00:00+02:00,2070.949951171875,2086.10009765625,2069.610107421875,2075.280029296875,70576400,0.0,0.0
2022-05-31 00:00:00+02:00,2072.81005859375,2074.31005859375,2042.6400146484375,2042.6400146484375,0,0.0,0.0
2022-06-01 00:00:00+02:00,2057.530029296875,2062.949951171875,2038.4100341796875,2041.260009765625,85925700,0.0,0.0
2022-06-02 00:00:00+02:00,2049.199951171875,2080.52001953125,2047.0899658203125,2075.679931640625,0,0.0,0.0
2022-06-03 00:00:00+02:00,2091.949951171875,2092.260009765625,2067.719970703125,2069.409912109375,0,0.0,0.0
2022-06-07 00:00:00+02:00,2077.5,2082.7099609375,2054.43994140625,2074.2099609375,0,0.0,0.0
2022-06-08 00:00:00+02:00,2085.5400390625,2086.199951171875,2059.43994140625,2069.929931640625,0,0.0,0.0
2022-06-09 00:00:00+02:00,2061.1298828125,2071.320068359375,2042.18994140625,2044.06005859375,0,0.0,0.0
2022-06-10 00:00:00+02:00,2027.719970703125,2030.760009765625,1988.68994140625,1990.800048828125,0,0.0,0.0
2022-06-13 00:00:00+02:00,1963.1700439453125,1977.6300048828125,1948.8699951171875,1956.510009765625,0,0.0,0.0
2022-06-14 00:00:00+02:00,1967.6400146484375,1973.1199951171875,1927.030029296875,1931.3900146484375,0,0.0,0.0
2022-06-15 00:00:00+02:00,1952.4100341796875,1957.6700439453125,1927.0,1946.8599853515625,0,0.0,0.0
2022-06-16 00:00:00+02:00,1940.949951171875,1945.68994140625,1883.22998046875,1890.3299560546875,108014000,0.0,0.0
2022-06-17 00:00:00+02:00,1896.7099609375,1911.8399658203125,1882.9200439453125,1884.27001953125,0,0.0,0.0
2022-06-20 00:00:00+02:00,1891.9300537109375,1900.2900390625,1881.22998046875,1895.239990234375,69078700,0.0,0.0
2022-06-21 00:00:00+02:00,1904.25,1924.3599853515625,1900.1199951171875,1903.3800048828125,0,0.0,0.0
2022-06-22 00:00:00+02:00,1881.030029296875,1898.75,1864.530029296875,1895.8399658203125,0,0.0,0.0
2022-06-23 00:00:00+02:00,1885.02001953125,1892.0400390625,1861.739990234375,1865.5400390625,0,0.0,0.0
2022-06-27 00:00:00+02:00,1902.0799560546875,1930.780029296875,1901.1099853515625,1924.8399658203125,0,0.0,0.0
2022-06-28 00:00:00+02:00,1927.5799560546875,1940.6199951171875,1911.5400390625,1913.1400146484375,0,0.0,0.0
2022-06-29 00:00:00+02:00,1898.6300048828125,1918.5,1895.6700439453125,1908.31005859375,0,0.0,0.0
2022-06-30 00:00:00+02:00,1884.9300537109375,1887.010009765625,1858.1199951171875,1872.6800537109375,0,0.0,0.0
2022-07-01 00:00:00+02:00,1860.719970703125,1897.1800537109375,1850.4000244140625,1875.93994140625,0,0.0,0.0
2022-07-04 00:00:00+02:00,1889.1600341796875,1901.300048828125,1881.0899658203125,1893.56005859375,78007700,0.0,0.0
2022-07-05 00:00:00+02:00,1904.9599609375,1911.8199462890625,1865.1400146484375,1866.1600341796875,0,0.0,0.0
2022-07-06 00:00:00+02:00,1889.9100341796875,1923.8699951171875,1888.3399658203125,1918.6700439453125,0,0.0,0.0
2022-07-07 00:00:00+02:00,1935.77001953125,1955.1199951171875,1926.9200439453125,1954.5799560546875,0,0.0,0.0
2022-07-08 00:00:00+02:00,1955.77001953125,1971.06005859375,1943.6800537109375,1971.0400390625,0,0.0,0.0
2022-07-11 00:00:00+02:00,1941.699951171875,1952.77001953125,1934.8699951171875,1937.489990234375,0,0.0,0.0
2022-07-12 00:00:00+02:00,1924.2900390625,1968.81005859375,1916.68994140625,1968.81005859375,0,0.0,0.0
2022-07-13 00:00:00+02:00,1958.8399658203125,1963.56005859375,1917.6500244140625,1931.27001953125,0,0.0,0.0
2022-07-14 00:00:00+02:00,1922.1500244140625,1927.9200439453125,1885.8699951171875,1903.510009765625,0,0.0,0.0
2022-07-15 00:00:00+02:00,1906.2900390625,1906.6199951171875,1873.949951171875,1903.8199462890625,0,0.0,0.0
2022-07-18 00:00:00+02:00,1920.31005859375,1938.3199462890625,1911.7900390625,1930.5,0,0.0,0.0
2022-07-19 00:00:00+02:00,1919.8599853515625,1961.3800048828125,1904.0699462890625,1961.1199951171875,129315700,0.0,0.0
2022-07-20 00:00:00+02:00,1968.1099853515625,1978.8699951171875,1950.9599609375,1961.31005859375,0,0.0,0.0
2022-07-21 00:00:00+02:00,1953.739990234375,1981.9200439453125,1940.22998046875,1975.969970703125,0,0.0,0.0
2022-07-22 00:00:00+02:00,1973.1700439453125,1990.1800537109375,1962.6600341796875,1979.699951171875,0,0.0,0.0
2022-07-25 00:00:00+02:00,1970.699951171875,1981.719970703125,1965.9200439453125,1970.8900146484375,0,0.0,0.0
2022-07-26 00:00:00+02:00,1971.18994140625,1983.43994140625,1961.18994140625,1962.969970703125,0,0.0,0.0
2022-07-27 00:00:00+02:00,1972.3299560546875,1981.7099609375,1965.27001953125,1971.3800048828125,0,0.0,0.0
2022-07-28 00:00:00+02:00,1982.199951171875,1996.02001953125,1978.449951171875,1996.02001953125,0,0.0,0.0
2022-07-29 00:00:00+02:00,2007.3299560546875,2035.4300537109375,2004.1199951171875,2032.530029296875,0,0.0,0.0
2022-08-01 00:00:00+02:00,2031.989990234375,2039.9599609375,2000.3699951171875,2011.1099853515625,0,0.0,0.0
2022-08-02 00:00:00+02:00,1996.6800537109375,2004.1400146484375,1987.5799560546875,1993.9200439453125,0,0.0,0.0
2022-08-03 00:00:00+02:00,1990.8299560546875,2010.6199951171875,1987.56005859375,2005.5799560546875,0,0.0,0.0
2022-08-04 00:00:00+02:00,2011.949951171875,2026.9100341796875,2009.9599609375,2020.8299560546875,0,0.0,0.0
2022-08-05 00:00:00+02:00,2024.219970703125,2029.800048828125,1998.489990234375,1998.5699462890625,0,0.0,0.0
2022-08-08 00:00:00+02:00,2015.6700439453125,2026.8699951171875,2003.8599853515625,2017.1500244140625,0,0.0,0.0
2022-08-09 00:00:00+02:00,2013.52001953125,2017.31005859375,1981.719970703125,1987.6800537109375,0,0.0,0.0
2022-08-10 00:00:00+02:00,1979.1600341796875,2025.47998046875,1975.18994140625,2025.47998046875,0,0.0,0.0
2022-08-11 00:00:00+02:00,2037.1600341796875,2037.550048828125,2016.5999755859375,2024.47998046875,0,0.0,0.0
2022-08-12 00:00:00+02:00,2030.0,2041.0899658203125,2027.6099853515625,2032.510009765625,0,0.0,0.0
2022-08-15 00:00:00+02:00,2039.06005859375,2046.1600341796875,2031.010009765625,2036.6700439453125,0,0.0,0.0
2022-08-16 00:00:00+02:00,2043.8299560546875,2059.31005859375,2038.68994140625,2058.93994140625,86823200,0.0,0.0
2022-08-17 00:00:00+02:00,2059.570068359375,2065.1201171875,2031.989990234375,2034.760009765625,0,0.0,0.0
2022-08-18 00:00:00+02:00,2034.2900390625,2057.780029296875,2034.0999755859375,2053.330078125,0,0.0,0.0
2022-08-19 00:00:00+02:00,2044.2099609375,2053.169921875,2037.8699951171875,2037.969970703125,0,0.0,0.0
2022-08-22 00:00:00+02:00,2033.0799560546875,2035.8599853515625,1995.8199462890625,1995.989990234375,0,0.0,0.0
2022-08-23 00:00:00+02:00,1986.7900390625,2005.199951171875,1980.22998046875,1985.6300048828125,0,0.0,0.0
2022-08-24 00:00:00+02:00,1977.800048828125,1992.43994140625,1965.3900146484375,1983.5799560546875,0,0.0,0.0
2022-08-25 00:00:00+02:00,1995.0899658203125,1998.6700439453125,1975.510009765625,1987.3199462890625,0,0.0,0.0
2022-08-26 00:00:00+02:00,1998.1600341796875,2000.6700439453125,1954.969970703125,1956.1700439453125,0,0.0,0.0
2022-08-29 00:00:00+02:00,1933.969970703125,1949.489990234375,1919.0400390625,1940.1300048828125,0,0.0,0.0
2022-08-30 00:00:00+02:00,1945.489990234375,1975.5899658203125,1936.1800537109375,1942.4300537109375,0,0.0,0.0
2022-08-31 00:00:00+02:00,1950.3499755859375,1951.1800537109375,1920.22998046875,1920.22998046875,0,0.0,0.0
2022-09-01 00:00:00+02:00,1903.9599609375,1907.1300048828125,1875.489990234375,1875.489990234375,0,0.0,0.0
2022-09-02 00:00:00+02:00,1893.3599853515625,1925.9200439453125,1882.9599609375,1925.0400390625,0,0.0,0.0
2022-09-05 00:00:00+02:00,1886.5999755859375,1901.7099609375,1878.3699951171875,1898.81005859375,87599600,0.0,0.0
2022-09-06 00:00:00+02:00,1898.22998046875,1920.5699462890625,1888.8599853515625,1903.25,0,0.0,0.0
2022-09-07 00:00:00+02:00,1886.4300537109375,1902.2900390625,1875.6600341796875,1897.760009765625,0,0.0,0.0
2022-09-08 00:00:00+02:00,1905.699951171875,1916.5,1872.949951171875,1907.31005859375,0,0.0,0.0
2022-09-09 00:00:00+02:00,1911.8800048828125,1941.0999755859375,1911.0,1934.06005859375,0,0.0,0.0
2022-09-12 00:00:00+02:00,1943.56005859375,1975.739990234375,1941.77001953125,1974.5400390625,0,0.0,0.0
2022-09-13 00:00:00+02:00,1982.75,1985.199951171875,1938.22998046875,1938.22998046875,0,0.0,0.0
2022-09-14 00:00:00+02:00,1926.5999755859375,1937.199951171875,1910.27001953125,1916.3599853515625,0,0.0,0.0
2022-09-15 00:00:00+02:00,1915.5899658203125,1932.3499755859375,1908.1400146484375,1911.7900390625,0,0.0,0.0
2022-09-16 00:00:00+02:00,1894.27001953125,1901.4000244140625,1881.510009765625,1881.510009765625,0,0.0,0.0
2022-09-19 00:00:00+02:00,1878.8499755859375,1885.9200439453125,1854.1300048828125,1877.9200439453125,0,0.0,0.0
2022-09-20 00:00:00+02:00,1889.030029296875,1900.31005859375,1856.6700439453125,1856.6700439453125,0,0.0,0.0
2022-09-21 00:00:00+02:00,1846.7900390625,1882.239990234375,1842.25,1878.77001953125,0,0.0,0.0
2022-09-22 00:00:00+02:00,1851.6800537109375,1868.4200439453125,1835.3800048828125,1837.9100341796875,0,0.0,0.0
2022-09-23 00:00:00+02:00,1836.7099609375,1840.6500244140625,1799.7900390625,1817.9599609375,0,0.0,0.0
2022-09-26 00:00:00+02:00,1807.02001953125,1834.9100341796875,1805.489990234375,1811.780029296875,0,0.0,0.0
2022-09-27 00:00:00+02:00,1825.75,1841.739990234375,1815.4300537109375,1829.3699951171875,0,0.0,0.0
2022-09-28 00:00:00+02:00,1812.5699462890625,1841.5400390625,1791.3699951171875,1838.77001953125,0,0.0,0.0
2022-09-29 00:00:00+02:00,1827.1099853515625,1828.1099853515625,1781.8699951171875,1794.3900146484375,0,0.0,0.0
2022-09-30 00:00:00+02:00,1805.6199951171875,1833.3299560546875,1796.8299560546875,1828.97998046875,0,0.0,0.0
2022-10-03 00:00:00+02:00,1809.969970703125,1839.510009765625,1782.3299560546875,1839.510009765625,0,0.0,0.0
2022-10-04 00:00:00+02:00,1860.0899658203125,1910.7099609375,1855.8399658203125,1909.6400146484375,0,0.0,0.0
2022-10-05 00:00:00+02:00,1901.489990234375,1907.510009765625,1874.8399658203125,1882.9200439453125,0,0.0,0.0
2022-10-06 00:00:00+02:00,1895.72998046875,1905.3800048828125,1875.4599609375,1883.0400390625,0,0.0,0.0
2022-10-07 00:00:00+02:00,1871.9000244140625,1881.93994140625,1839.0400390625,1841.77001953125,0,0.0,0.0
2022-10-10 00:00:00+02:00,1826.489990234375,1858.5400390625,1824.02001953125,1836.9100341796875,0,0.0,0.0
2022-10-11 00:00:00+02:00,1824.3699951171875,1844.6400146484375,1818.6099853515625,1834.0999755859375,0,0.0,0.0
2022-10-12 00:00:00+02:00,1839.260009765625,1850.8800048828125,1826.4100341796875,1834.3599853515625,0,0.0,0.0
2022-10-13 00:00:00+02:00,1826.43994140625,1864.6700439453125,1799.300048828125,1856.8599853515625,0,0.0,0.0
2022-10-14 00:00:00+02:00,1880.18994140625,1893.43994140625,1861.7900390625,1869.02001953125,0,0.0,0.0
2022-10-17 00:00:00+02:00,1868.280029296875,1916.280029296875,1857.0799560546875,1908.3800048828125,0,0.0,0.0
2022-10-18 00:00:00+02:00,1928.989990234375,1949.010009765625,1922.0400390625,1938.56005859375,0,0.0,0.0
2022-10-19 00:00:00+02:00,1953.9000244140625,1962.989990234375,1926.43994140625,1926.43994140625,0,0.0,0.0
2022-10-20 00:00:00+02:00,1919.6700439453125,1919.6700439453125,1886.739990234375,1905.989990234375,0,0.0,0.0
2022-10-21 00:00:00+02:00,1887.2099609375,1910.300048828125,1880.3499755859375,1901.510009765625,0,0.0,0.0
2022-10-24 00:00:00+02:00,1916.6199951171875,1941.4200439453125,1905.6199951171875,1938.72998046875,0,0.0,0.0
2022-10-25 00:00:00+02:00,1945.719970703125,1966.72998046875,1922.010009765625,1965.2900390625,0,0.0,0.0
2022-10-26 00:00:00+02:00,1965.18994140625,1973.5799560546875,1945.1700439453125,1970.06005859375,0,0.0,0.0
2022-10-27 00:00:00+02:00,1962.4000244140625,1974.1400146484375,1956.1800537109375,1968.22998046875,0,0.0,0.0
2022-10-28 00:00:00+02:00,1945.4599609375,1978.1199951171875,1945.199951171875,1974.280029296875,0,0.0,0.0
2022-10-31 00:00:00+01:00,1979.0,1979.0,1960.68994140625,1968.530029296875,0,0.0,0.0
2022-11-01 00:00:00+01:00,1980.2099609375,1997.199951171875,1969.47998046875,1974.989990234375,0,0.0,0.0
2022-11-02 00:00:00+01:00,1980.02001953125,1991.9599609375,1974.0400390625,1980.52001953125,0,0.0,0.0
2022-11-03 00:00:00+01:00,1965.6500244140625,1965.6500244140625,1945.3900146484375,1960.06005859375,0,0.0,0.0
2022-11-04 00:00:00+01:00,1967.4300537109375,1999.02001953125,1966.280029296875,1999.010009765625,0,0.0,0.0
2022-11-07 00:00:00+01:00,1990.0899658203125,2014.3299560546875,1988.25,2008.6199951171875,0,0.0,0.0
2022-11-08 00:00:00+01:00,2005.030029296875,2039.0400390625,2002.3599853515625,2035.989990234375,0,0.0,0.0
2022-11-09 00:00:00+01:00,2031.030029296875,2035.0899658203125,2018.31005859375,2033.1199951171875,0,0.0,0.0
2022-11-10 00:00:00+01:00,2020.2900390625,2106.6298828125,2011.9200439453125,2106.110107421875,0,0.0,0.0
2022-11-11 00:00:00+01:00,2119.080078125,2121.1298828125,2088.570068359375,2108.669921875,0,0.0,0.0
2022-11-14 00:00:00+01:00,2116.639892578125,2120.60009765625,2095.300048828125,2107.989990234375,0,0.0,0.0
2022-11-15 00:00:00+01:00,2112.780029296875,2113.800048828125,2086.780029296875,2098.010009765625,0,0.0,0.0
2022-11-16 00:00:00+01:00,2102.10009765625,2110.469970703125,2073.64990234375,2075.02001953125,0,0.0,0.0
2022-11-17 00:00:00+01:00,2077.64990234375,2094.77001953125,2054.360107421875,2067.080078125,0,0.0,0.0
2022-11-18 00:00:00+01:00,2074.0400390625,2095.050048828125,2069.85009765625,2087.3701171875,0,0.0,0.0
2022-11-21 00:00:00+01:00,2082.199951171875,2093.10009765625,2072.389892578125,2082.570068359375,0,0.0,0.0
2022-11-22 00:00:00+01:00,2082.030029296875,2103.35009765625,2072.2099609375,2096.56005859375,0,0.0,0.0
2022-11-23 00:00:00+01:00,2103.320068359375,2112.340087890625,2098.5400390625,2109.840087890625,0,0.0,0.0
2022-11-24 00:00:00+01:00,2109.989990234375,2118.52001953125,2100.52001953125,2106.75,74692400,0.0,0.0
2022-11-25 00:00:00+01:00,2109.89990234375,2117.669921875,2103.530029296875,2116.739990234375,0,0.0,0.0
2022-11-28 00:00:00+01:00,2106.89990234375,2110.820068359375,2092.489990234375,2096.3798828125,0,0.0,0.0
2022-11-29 00:00:00+01:00,2103.010009765625,2108.110107421875,2089.860107421875,2092.239990234375,0,0.0,0.0
2022-11-30 00:00:00+01:00,2105.780029296875,2120.35009765625,2097.219970703125,2102.419921875,0,0.0,0.0
2022-12-01 00:00:00+01:00,2125.530029296875,2137.860107421875,2115.300048828125,2125.090087890625,0,0.0,0.0
2022-12-02 00:00:00+01:00,2123.030029296875,2136.840087890625,2110.179931640625,2129.469970703125,0,0.0,0.0
2022-12-05 00:00:00+01:00,2128.070068359375,2145.0,2123.889892578125,2139.68994140625,0,0.0,0.0
2022-12-06 00:00:00+01:00,2134.610107421875,2145.2099609375,2105.68994140625,2111.280029296875,0,0.0,0.0
2022-12-07 00:00:00+01:00,2107.530029296875,2109.77001953125,2082.820068359375,2088.429931640625,0,0.0,0.0
2022-12-08 00:00:00+01:00,2093.31005859375,2099.77001953125,2085.679931640625,2091.8798828125,0,0.0,0.0
2022-12-09 00:00:00+01:00,2102.7099609375,2120.760009765625,2099.35009765625,2116.449951171875,0,0.0,0.0
2022-12-12 00:00:00+01:00,2104.840087890625,2111.39990234375,2095.219970703125,2108.919921875,0,0.0,0.0
2022-12-13 00:00:00+01:00,2115.340087890625,2162.300048828125,2106.800048828125,2140.699951171875,0,0.0,0.0
2022-12-14 00:00:00+01:00,2136.5,2149.81005859375,2111.469970703125,2139.030029296875,0,0.0,0.0
2022-12-15 00:00:00+01:00,2116.0400390625,2119.10009765625,2079.52001953125,2079.52001953125,0,0.0,0.0
2022-12-16 00:00:00+01:00,2076.780029296875,2084.43994140625,2043.72998046875,2046.0899658203125,0,0.0,0.0
2022-12-19 00:00:00+01:00,2054.169921875,2061.93994140625,2044.52001953125,2047.97998046875,0,0.0,0.0
2022-12-20 00:00:00+01:00,2029.43994140625,2043.8800048828125,2023.77001953125,2036.4200439453125,0,0.0,0.0
2022-12-21 00:00:00+01:00,2045.22998046875,2066.050048828125,2043.0699462890625,2065.1298828125,0,0.0,0.0
2022-12-22 00:00:00+01:00,2065.10009765625,2076.699951171875,2039.9000244140625,2043.300048828125,0,0.0,0.0
2022-12-23 00:00:00+01:00,2043.969970703125,2061.159912109375,2043.969970703125,2054.330078125,0,0.0,0.0
2022-12-27 00:00:00+01:00,2068.820068359375,2079.659912109375,2062.800048828125,2067.610107421875,0,0.0,0.0
2022-12-28 00:00:00+01:00,2067.56005859375,2070.409912109375,2048.159912109375,2052.760009765625,0,0.0,0.0
2022-12-29 00:00:00+01:00,2050.719970703125,2075.409912109375,2042.8299560546875,2075.31005859375,0,0.0,0.0
2022-12-30 00:00:00+01:00,2067.669921875,2072.239990234375,2043.22998046875,2043.4000244140625,0,0.0,0.0
2023-01-02 00:00:00+01:00,2056.929931640625,2075.760009765625,2054.800048828125,2075.760009765625,0,0.0,0.0
2023-01-03 00:00:00+01:00,2070.02001953125,2104.6298828125,2069.669921875,2090.030029296875,0,0.0,0.0
2023-01-04 00:00:00+01:00,2096.81005859375,2120.550048828125,2095.510009765625,2120.35009765625,0,0.0,0.0
2023-01-05 00:00:00+01:00,2114.989990234375,2137.5400390625,2110.409912109375,2137.43994140625,0,0.0,0.0
2023-01-09 00:00:00+01:00,2161.919921875,2191.820068359375,2160.590087890625,2191.820068359375,0,0.0,0.0
2023-01-10 00:00:00+01:00,2178.89990234375,2184.18994140625,2168.610107421875,2180.699951171875,0,0.0,0.0
2023-01-11 00:00:00+01:00,2183.820068359375,2216.8798828125,2183.39990234375,2207.800048828125,0,0.0,0.0
2023-01-12 00:00:00+01:00,2213.929931640625,2234.699951171875,2200.2900390625,2225.27001953125,0,0.0,0.0
2023-01-13 00:00:00+01:00,2222.159912109375,2225.8701171875,2204.739990234375,2217.179931640625,0,0.0,0.0
2023-01-16 00:00:00+01:00,2222.159912109375,2226.080078125,2208.969970703125,2225.10009765625,92927400,0.0,0.0
2023-01-17 00:00:00+01:00,2221.239990234375,2225.219970703125,2209.9599609375,2212.830078125,0,0.0,0.0
2023-01-18 00:00:00+01:00,2221.800048828125,2234.510009765625,2211.739990234375,2218.739990234375,0,0.0,0.0
2023-01-19 00:00:00+01:00,2202.330078125,2210.10009765625,2173.889892578125,2173.889892578125,0,0.0,0.0
2023-01-20 00:00:00+01:00,2185.659912109375,2197.72998046875,2179.0,2197.419921875,0,0.0,0.0
2023-01-23 00:00:00+01:00,2208.169921875,2226.239990234375,2204.610107421875,2224.530029296875,0,0.0,0.0
2023-01-24 00:00:00+01:00,2227.300048828125,2229.4599609375,2204.419921875,2216.169921875,0,0.0,0.0
2023-01-25 00:00:00+01:00,2215.7900390625,2218.949951171875,2193.52001953125,2204.300048828125,0,0.0,0.0
2023-01-26 00:00:00+01:00,2204.300048828125,2208.68994140625,2184.0400390625,2190.530029296875,0,0.0,0.0
2023-01-27 00:00:00+01:00,2198.1298828125,2204.14990234375,2187.2900390625,2197.659912109375,0,0.0,0.0
2023-01-30 00:00:00+01:00,2190.239990234375,2204.22998046875,2183.389892578125,2200.080078125,0,0.0,0.0
2023-01-31 00:00:00+01:00,2197.610107421875,2202.889892578125,2184.340087890625,2198.5400390625,0,0.0,0.0
2023-02-01 00:00:00+01:00,2197.110107421875,2215.469970703125,2195.510009765625,2210.1298828125,0,0.0,0.0
2023-02-02 00:00:00+01:00,2228.2900390625,2287.5400390625,2226.35009765625,2287.39990234375,0,0.0,0.0
2023-02-03 00:00:00+01:00,2271.760009765625,2295.300048828125,2265.280029296875,2294.52001953125,0,0.0,0.0
2023-02-06 00:00:00+01:00,2281.110107421875,2282.72998046875,2253.0400390625,2258.199951171875,0,0.0,0.0
2023-02-07 00:00:00+01:00,2262.330078125,2267.2900390625,2250.070068359375,2254.800048828125,0,0.0,0.0
2023-02-08 00:00:00+01:00,2266.669921875,2269.510009765625,2244.10009765625,2244.139892578125,0,0.0,0.0
2023-02-09 00:00:00+01:00,2260.1298828125,2265.719970703125,2232.14990234375,2235.3701171875,0,0.0,0.0
2023-02-10 00:00:00+01:00,2226.429931640625,2227.2900390625,2189.090087890625,2200.77001953125,0,0.0,0.0
2023-02-13 00:00:00+01:00,2209.6298828125,2234.97998046875,2206.860107421875,2233.179931640625,0,0.0,0.0
2023-02-14 00:00:00+01:00,2239.449951171875,2254.3798828125,2224.800048828125,2232.449951171875,0,0.0,0.0
2023-02-15 00:00:00+01:00,2229.47998046875,2255.469970703125,2224.929931640625,2255.139892578125,0,0.0,0.0
2023-02-16 00:00:00+01:00,2265.219970703125,2268.929931640625,2241.9599609375,2256.5400390625,0,0.0,0.0
2023-02-17 00:00:00+01:00,2242.419921875,2257.929931640625,2230.7099609375,2249.3798828125,0,0.0,0.0
2023-02-20 00:00:00+01:00,2252.510009765625,2254.570068359375,2235.590087890625,2238.449951171875,78804300,0.0,0.0
2023-02-21 00:00:00+01:00,2236.6298828125,2246.2900390625,2216.090087890625,2223.489990234375,0,0.0,0.0
2023-02-22 00:00:00+01:00,2218.68994140625,2225.47998046875,2202.85009765625,2223.300048828125,0,0.0,0.0
2023-02-23 00:00:00+01:00,2225.659912109375,2242.02001953125,2225.4599609375,2227.580078125,0,0.0,0.0
2023-02-24 00:00:00+01:00,2233.64990234375,2240.010009765625,2198.169921875,2206.429931640625,0,0.0,0.0
2023-02-27 00:00:00+01:00,2216.68994140625,2244.889892578125,2216.43994140625,2234.989990234375,0,0.0,0.0
2023-02-28 00:00:00+01:00,2227.300048828125,2233.199951171875,2214.320068359375,2226.75,0,0.0,0.0
2023-03-01 00:00:00+01:00,2231.2900390625,2243.97998046875,2210.489990234375,2214.679931640625,0,0.0,0.0
2023-03-02 00:00:00+01:00,2203.679931640625,2219.81005859375,2198.260009765625,2214.669921875,0,0.0,0.0
2023-03-03 00:00:00+01:00,2224.080078125,2254.320068359375,2223.580078125,2252.760009765625,0,0.0,0.0
2023-03-06 00:00:00+01:00,2259.89990234375,2268.68994140625,2253.199951171875,2261.860107421875,0,0.0,0.0
2023-03-07 00:00:00+01:00,2259.449951171875,2268.9599609375,2243.409912109375,2244.659912109375,0,0.0,0.0
2023-03-08 00:00:00+01:00,2238.300048828125,2253.469970703125,2238.300048828125,2248.52001953125,0,0.0,0.0
2023-03-09 00:00:00+01:00,2245.97998046875,2252.570068359375,2228.7099609375,2245.110107421875,0,0.0,0.0
2023-03-10 00:00:00+01:00,2207.340087890625,2213.56005859375,2178.639892578125,2192.06005859375,0,0.0,0.0
2023-03-13 00:00:00+01:00,2199.89990234375,2202.14990234375,2137.580078125,2156.580078125,0,0.0,0.0
2023-03-14 00:00:00+01:00,2152.679931640625,2193.75,2146.199951171875,2186.360107421875,0,0.0,0.0
2023-03-15 00:00:00+01:00,2179.72998046875,2179.72998046875,2096.68994140625,2096.800048828125,0,0.0,0.0
2023-03-16 00:00:00+01:00,2126.97998046875,2134.360107421875,2085.39990234375,2125.22998046875,0,0.0,0.0
2023-03-17 00:00:00+01:00,2137.489990234375,2145.889892578125,2076.0400390625,2088.02001953125,0,0.0,0.0
2023-03-20 00:00:00+01:00,2071.389892578125,2130.43994140625,2050.429931640625,2118.7099609375,0,0.0,0.0
2023-03-21 00:00:00+01:00,2134.0400390625,2152.639892578125,2130.360107421875,2145.39990234375,0,0.0,0.0
2023-03-22 00:00:00+01:00,2144.5400390625,2155.360107421875,2139.2900390625,2146.830078125,0,0.0,0.0
2023-03-23 00:00:00+01:00,2133.5400390625,2140.5400390625,2111.739990234375,2136.0,0,0.0,0.0
2023-03-24 00:00:00+01:00,2121.919921875,2122.739990234375,2083.530029296875,2087.81005859375,0,0.0,0.0
2023-03-27 00:00:00+02:00,2110.280029296875,2129.5400390625,2100.429931640625,2111.77001953125,0,0.0,0.0
2023-03-28 00:00:00+02:00,2130.300048828125,2132.2099609375,2110.489990234375,2115.610107421875,0,0.0,0.0
2023-03-29 00:00:00+02:00,2128.679931640625,2149.360107421875,2128.679931640625,2149.360107421875,0,0.0,0.0
2023-03-30 00:00:00+02:00,2153.659912109375,2199.610107421875,2152.840087890625,2199.43994140625,0,0.0,0.0
2023-03-31 00:00:00+02:00,2197.570068359375,2225.6298828125,2193.570068359375,2223.75,0,0.0,0.0
2023-04-03 00:00:00+02:00,2215.43994140625,2220.1298828125,2208.090087890625,2211.02001953125,0,0.0,0.0
2023-04-04 00:00:00+02:00,2222.6298828125,2238.159912109375,2211.419921875,2215.909912109375,0,0.0,0.0
2023-04-05 00:00:00+02:00,2209.27001953125,2209.719970703125,2166.570068359375,2174.93994140625,0,0.0,0.0
2023-04-06 00:00:00+02:00,2176.7900390625,2185.330078125,2171.5,2184.72998046875,0,0.0,0.0
2023-04-11 00:00:00+02:00,2205.6298828125,2211.179931640625,2197.9599609375,2211.179931640625,0,0.0,0.0
2023-04-12 00:00:00+02:00,2215.3701171875,2239.010009765625,2209.77001953125,2215.14990234375,0,0.0,0.0
2023-04-13 00:00:00+02:00,2217.080078125,2225.139892578125,2206.77001953125,2225.139892578125,0,0.0,0.0
2023-04-14 00:00:00+02:00,2235.0400390625,2254.6298828125,2231.050048828125,2249.469970703125,0,0.0,0.0
2023-04-17 00:00:00+02:00,2258.9599609375,2263.60009765625,2245.510009765625,2249.669921875,0,0.0,0.0
2023-04-18 00:00:00+02:00,2251.860107421875,2265.81005859375,2245.60009765625,2256.280029296875,0,0.0,0.0
2023-04-19 00:00:00+02:00,2252.340087890625,2255.8798828125,2242.27001953125,2249.679931640625,0,0.0,0.0
2023-04-20 00:00:00+02:00,2250.3701171875,2257.3701171875,2241.389892578125,2248.820068359375,102292300,0.0,0.0
2023-04-21 00:00:00+02:00,2251.949951171875,2259.4599609375,2235.9599609375,2246.409912109375,0,0.0,0.0
2023-04-24 00:00:00+02:00,2247.889892578125,2264.669921875,2247.27001953125,2259.820068359375,0,0.0,0.0
2023-04-25 00:00:00+02:00,2256.199951171875,2256.5,2237.10009765625,2249.199951171875,0,0.0,0.0
2023-04-26 00:00:00+02:00,2247.39990234375,2247.719970703125,2221.169921875,2240.080078125,0,0.0,0.0
2023-04-27 00:00:00+02:00,2240.550048828125,2284.6298828125,2225.860107421875,2271.10009765625,0,0.0,0.0
2023-04-28 00:00:00+02:00,2277.820068359375,2285.889892578125,2247.7900390625,2270.580078125,0,0.0,0.0
2023-05-02 00:00:00+02:00,2273.6298828125,2273.6298828125,2232.2900390625,2235.030029296875,0,0.0,0.0
2023-05-03 00:00:00+02:00,2241.330078125,2255.60009765625,2228.820068359375,2238.760009765625,0,0.0,0.0
2023-05-04 00:00:00+02:00,2227.75,2235.2900390625,2219.909912109375,2228.169921875,0,0.0,0.0
2023-05-05 00:00:00+02:00,2232.719970703125,2240.47998046875,2210.0,2240.47998046875,110921500,0.0,0.0
2023-05-08 00:00:00+02:00,2241.330078125,2245.2099609375,2229.389892578125,2239.10009765625,0,0.0,0.0
2023-05-09 00:00:00+02:00,2236.60009765625,2236.679931640625,2208.52001953125,2223.580078125,0,0.0,0.0
2023-05-10 00:00:00+02:00,2224.5,2232.25,2189.72998046875,2208.659912109375,0,0.0,0.0
2023-05-11 00:00:00+02:00,2215.889892578125,2240.0400390625,2211.419921875,2229.909912109375,0,0.0,0.0
2023-05-12 00:00:00+02:00,2239.25,2248.75,2231.449951171875,2236.030029296875,0,0.0,0.0
2023-05-15 00:00:00+02:00,2245.35009765625,2252.419921875,2239.760009765625,2251.239990234375,0,0.0,0.0
2023-05-16 00:00:00+02:00,2240.739990234375,2250.840087890625,2230.639892578125,2236.25,0,0.0,0.0
2023-05-17 00:00:00+02:00,2233.179931640625,2248.2900390625,2232.590087890625,2246.199951171875,0,0.0,0.0
2023-05-19 00:00:00+02:00,2280.27001953125,2295.530029296875,2276.8798828125,2288.3701171875,0,0.0,0.0
2023-05-22 00:00:00+02:00,2285.550048828125,2286.610107421875,2276.219970703125,2283.31005859375,0,0.0,0.0
2023-05-23 00:00:00+02:00,2277.080078125,2282.260009765625,2265.6201171875,2267.340087890625,0,0.0,0.0
2023-05-24 00:00:00+02:00,2250.81005859375,2250.81005859375,2224.409912109375,2229.889892578125,0,0.0,0.0
2023-05-25 00:00:00+02:00,2236.1298828125,2244.18994140625,2221.0400390625,2231.570068359375,0,0.0,0.0
2023-05-26 00:00:00+02:00,2242.090087890625,2276.8701171875,2239.429931640625,2272.199951171875,0,0.0,0.0
2023-05-29 00:00:00+02:00,2283.050048828125,2283.6298828125,2253.340087890625,2258.639892578125,102897200,0.0,0.0
2023-05-30 00:00:00+02:00,2260.679931640625,2279.429931640625,2253.5400390625,2255.0,0,0.0,0.0
2023-05-31 00:00:00+02:00,2240.159912109375,2259.06005859375,2233.110107421875,2234.9599609375,0,0.0,0.0
2023-06-01 00:00:00+02:00,2248.580078125,2257.14990234375,2238.389892578125,2252.429931640625,0,0.0,0.0
2023-06-02 00:00:00+02:00,2267.840087890625,2295.030029296875,2266.139892578125,2292.5,0,0.0,0.0
2023-06-05 00:00:00+02:00,2295.090087890625,2311.419921875,2288.7900390625,2293.06005859375,0,0.0,0.0
2023-06-07 00:00:00+02:00,2299.929931640625,2311.800048828125,2299.860107421875,2305.360107421875,0,0.0,0.0
2023-06-08 00:00:00+02:00,2299.419921875,2311.530029296875,2295.4599609375,2302.97998046875,0,0.0,0.0
2023-06-09 00:00:00+02:00,2307.050048828125,2309.1298828125,2292.919921875,2301.97998046875,0,0.0,0.0
2023-06-12 00:00:00+02:00,2311.22998046875,2315.5400390625,2295.169921875,2299.5,0,0.0,0.0
2023-06-13 00:00:00+02:00,2319.3798828125,2325.570068359375,2308.97998046875,2320.9599609375,0,0.0,0.0
2023-06-14 00:00:00+02:00,2315.090087890625,2315.22998046875,2303.68994140625,2312.75,0,0.0,0.0
2023-06-15 00:00:00+02:00,2306.27001953125,2317.43994140625,2292.550048828125,2310.659912109375,0,0.0,0.0
2023-06-16 00:00:00+02:00,2321.2900390625,2326.1201171875,2311.22998046875,2322.639892578125,0,0.0,0.0
2023-06-19 00:00:00+02:00,2310.800048828125,2312.469970703125,2289.580078125,2292.679931640625,101642300,0.0,0.0
2023-06-20 00:00:00+02:00,2287.929931640625,2290.22998046875,2276.949951171875,2281.159912109375,0,0.0,0.0
2023-06-21 00:00:00+02:00,2276.860107421875,2280.030029296875,2258.77001953125,2265.6298828125,0,0.0,0.0
2023-06-22 00:00:00+02:00,2246.030029296875,2246.030029296875,2224.2900390625,2235.409912109375,0,0.0,0.0
2023-06-26 00:00:00+02:00,2224.070068359375,2240.2900390625,2205.3701171875,2238.5,0,0.0,0.0
2023-06-27 00:00:00+02:00,2240.030029296875,2244.6201171875,2220.8701171875,2244.60009765625,0,0.0,0.0
2023-06-28 00:00:00+02:00,2257.0400390625,2268.4599609375,2254.68994140625,2262.070068359375,0,0.0,0.0
2023-06-29 00:00:00+02:00,2259.14990234375,2292.5,2259.050048828125,2284.77001953125,0,0.0,0.0
2023-06-30 00:00:00+02:00,2291.14990234375,2314.179931640625,2290.610107421875,2309.89990234375,0,0.0,0.0
2023-07-03 00:00:00+02:00,2312.830078125,2316.340087890625,2294.590087890625,2294.590087890625,0,0.0,0.0
2023-07-04 00:00:00+02:00,2295.77001953125,2301.840087890625,2290.2900390625,2295.929931640625,143248900,0.0,0.0
2023-07-05 00:00:00+02:00,2284.659912109375,2296.760009765625,2274.43994140625,2279.419921875,0,0.0,0.0
2023-07-06 00:00:00+02:00,2264.75,2270.179931640625,2229.360107421875,2238.510009765625,0,0.0,0.0
2023-07-07 00:00:00+02:00,2237.639892578125,2254.679931640625,2227.330078125,2246.18994140625,0,0.0,0.0
2023-07-10 00:00:00+02:00,2239.27001953125,2247.929931640625,2228.699951171875,2243.7900390625,0,0.0,0.0
2023-07-11 00:00:00+02:00,2253.39990234375,2253.39990234375,2231.260009765625,2247.9599609375,0,0.0,0.0
2023-07-12 00:00:00+02:00,2252.169921875,2266.27001953125,2239.159912109375,2264.2099609375,0,0.0,0.0
2023-07-13 00:00:00+02:00,2263.47998046875,2270.5,2254.840087890625,2261.199951171875,0,0.0,0.0
2023-07-14 00:00:00+02:00,2257.489990234375,2259.27001953125,2243.0400390625,2248.080078125,0,0.0,0.0
2023-07-17 00:00:00+02:00,2233.239990234375,2244.239990234375,2225.85009765625,2243.1298828125,0,0.0,0.0
2023-07-18 00:00:00+02:00,2252.389892578125,2259.580078125,2239.6201171875,2258.830078125,0,0.0,0.0
2023-07-19 00:00:00+02:00,2262.239990234375,2263.320068359375,2234.590087890625,2235.75,0,0.0,0.0
2023-07-20 00:00:00+02:00,2219.679931640625,2225.699951171875,2199.97998046875,2224.52001953125,0,0.0,0.0
2023-07-21 00:00:00+02:00,2211.60009765625,2228.800048828125,2202.2900390625,2227.449951171875,0,0.0,0.0
2023-07-24 00:00:00+02:00,2218.659912109375,2244.179931640625,2217.989990234375,2243.81005859375,0,0.0,0.0
2023-07-25 00:00:00+02:00,2244.14990234375,2261.800048828125,2233.159912109375,2259.090087890625,0,0.0,0.0
2023-07-26 00:00:00+02:00,2255.760009765625,2255.760009765625,2220.080078125,2235.22998046875,0,0.0,0.0
2023-07-27 00:00:00+02:00,2245.10009765625,2265.780029296875,2237.010009765625,2254.14990234375,0,0.0,0.0
2023-07-28 00:00:00+02:00,2248.469970703125,2258.639892578125,2246.35009765625,2253.85009765625,0,0.0,0.0
2023-07-31 00:00:00+02:00,2249.590087890625,2256.820068359375,2245.050048828125,2250.919921875,0,0.0,0.0
2023-08-01 00:00:00+02:00,2247.050048828125,2252.860107421875,2239.919921875,2240.1201171875,0,0.0,0.0
2023-08-02 00:00:00+02:00,2227.639892578125,2229.429931640625,2199.590087890625,2222.739990234375,0,0.0,0.0
2023-08-03 00:00:00+02:00,2211.320068359375,2214.340087890625,2189.72998046875,2196.590087890625,0,0.0,0.0
2023-08-04 00:00:00+02:00,2201.489990234375,2213.860107421875,2192.239990234375,2209.639892578125,0,0.0,0.0
2023-08-07 00:00:00+02:00,2201.840087890625,2209.830078125,2192.35009765625,2209.830078125,0,0.0,0.0
2023-08-08 00:00:00+02:00,2196.35009765625,2210.43994140625,2187.080078125,2194.43994140625,0,0.0,0.0
2023-08-09 00:00:00+02:00,2207.2099609375,2226.219970703125,2206.909912109375,2209.52001953125,0,0.0,0.0
2023-08-10 00:00:00+02:00,2215.389892578125,2230.909912109375,2212.81005859375,2223.169921875,0,0.0,0.0
2023-08-11 00:00:00+02:00,2217.080078125,2217.6201171875,2195.610107421875,2203.39990234375,0,0.0,0.0
2023-08-14 00:00:00+02:00,2193.5,2210.10009765625,2191.27001953125,2203.300048828125,0,0.0,0.0
2023-08-15 00:00:00+02:00,2203.47998046875,2204.300048828125,2172.52001953125,2178.5,0,0.0,0.0
2023-08-16 00:00:00+02:00,2168.030029296875,2185.5,2166.389892578125,2180.56005859375,0,0.0,0.0
2023-08-17 00:00:00+02:00,2164.449951171875,2167.580078125,2151.39990234375,2154.56005859375,0,0.0,0.0
2023-08-18 00:00:00+02:00,2142.280029296875,2150.06005859375,2132.090087890625,2145.659912109375,0,0.0,0.0
2023-08-21 00:00:00+02:00,2141.60009765625,2159.760009765625,2137.64990234375,2139.030029296875,0,0.0,0.0
2023-08-22 00:00:00+02:00,2150.169921875,2163.010009765625,2143.06005859375,2153.64990234375,0,0.0,0.0
2023-08-23 00:00:00+02:00,2155.889892578125,2161.47998046875,2148.739990234375,2154.699951171875,0,0.0,0.0
2023-08-24 00:00:00+02:00,2166.199951171875,2178.419921875,2144.830078125,2145.739990234375,0,0.0,0.0
2023-08-25 00:00:00+02:00,2134.179931640625,2164.6201171875,2133.47998046875,2148.469970703125,0,0.0,0.0
2023-08-28 00:00:00+02:00,2163.050048828125,2177.889892578125,2161.219970703125,2174.31005859375,0,0.0,0.0
2023-08-29 00:00:00+02:00,2179.93994140625,2194.43994140625,2179.6298828125,2191.4599609375,0,0.0,0.0
2023-08-30 00:00:00+02:00,2196.090087890625,2198.409912109375,2178.75,2185.080078125,0,0.0,0.0
2023-08-31 00:00:00+02:00,2186.31005859375,2195.330078125,2179.739990234375,2184.739990234375,0,0.0,0.0
2023-09-01 00:00:00+02:00,2179.530029296875,2200.090087890625,2175.81005859375,2186.2099609375,0,0.0,0.0
2023-09-04 00:00:00+02:00,2192.97998046875,2208.68994140625,2192.5400390625,2193.760009765625,0,0.0,0.0
2023-09-05 00:00:00+02:00,2188.85009765625,2210.14990234375,2186.169921875,2203.699951171875,0,0.0,0.0
2023-09-06 00:00:00+02:00,2196.9599609375,2208.4599609375,2184.75,2202.570068359375,0,0.0,0.0
2023-09-07 00:00:00+02:00,2195.070068359375,2206.050048828125,2177.449951171875,2185.580078125,0,0.0,0.0
2023-09-08 00:00:00+02:00,2190.14990234375,2192.1298828125,2162.97998046875,2176.340087890625,0,0.0,0.0
2023-09-11 00:00:00+02:00,2181.389892578125,2193.239990234375,2177.679931640625,2184.56005859375,0,0.0,0.0
2023-09-12 00:00:00+02:00,2187.550048828125,2190.8798828125,2173.97998046875,2177.1201171875,0,0.0,0.0
2023-09-13 00:00:00+02:00,2168.97998046875,2171.679931640625,2148.2099609375,2162.4599609375,0,0.0,0.0
2023-09-14 00:00:00+02:00,2162.139892578125,2194.080078125,2157.820068359375,2190.199951171875,0,0.0,0.0
2023-09-15 00:00:00+02:00,2200.929931640625,2212.18994140625,2194.719970703125,2195.199951171875,0,0.0,0.0
2023-09-18 00:00:00+02:00,2194.199951171875,2196.429931640625,2182.010009765625,2187.02001953125,0,0.0,0.0
2023-09-19 00:00:00+02:00,2182.080078125,2191.179931640625,2170.8798828125,2177.199951171875,0,0.0,0.0
2023-09-20 00:00:00+02:00,2178.3701171875,2206.97998046875,2177.570068359375,2202.449951171875,0,0.0,0.0
2023-09-21 00:00:00+02:00,2186.889892578125,2188.6298828125,2170.830078125,2178.820068359375,0,0.0,0.0
2023-09-22 00:00:00+02:00,2169.610107421875,2176.8701171875,2162.68994140625,2165.93994140625,0,0.0,0.0
2023-09-25 00:00:00+02:00,2161.719970703125,2170.800048828125,2141.860107421875,2156.1201171875,0,0.0,0.0
2023-09-26 00:00:00+02:00,2148.340087890625,2148.97998046875,2124.969970703125,2133.159912109375,0,0.0,0.0
2023-09-27 00:00:00+02:00,2135.530029296875,2145.4599609375,2126.780029296875,2130.320068359375,0,0.0,0.0
2023-09-28 00:00:00+02:00,2127.800048828125,2138.580078125,2119.110107421875,2137.64990234375,0,0.0,0.0
2023-09-29 00:00:00+02:00,2144.419921875,2165.0400390625,2144.14990234375,2155.489990234375,0,0.0,0.0
2023-10-02 00:00:00+02:00,2157.469970703125,2174.25,2135.9599609375,2145.969970703125,0,0.0,0.0
2023-10-03 00:00:00+02:00,2136.139892578125,2149.219970703125,2121.169921875,2125.06005859375,0,0.0,0.0
2023-10-04 00:00:00+02:00,2111.139892578125,2125.010009765625,2104.699951171875,2116.77001953125,0,0.0,0.0
2023-10-05 00:00:00+02:00,2118.820068359375,2140.010009765625,2118.800048828125,2127.06005859375,0,0.0,0.0
2023-10-06 00:00:00+02:00,2131.449951171875,2154.02001953125,2127.389892578125,2154.02001953125,0,0.0,0.0
2023-10-09 00:00:00+02:00,2145.93994140625,2151.18994140625,2130.5400390625,2133.260009765625,0,0.0,0.0
2023-10-10 00:00:00+02:00,2155.280029296875,2195.070068359375,2154.679931640625,2193.06005859375,0,0.0,0.0
2023-10-11 00:00:00+02:00,2186.409912109375,2197.199951171875,2182.340087890625,2193.7099609375,0,0.0,0.0
2023-10-12 00:00:00+02:00,2208.22998046875,2235.89990234375,2208.22998046875,2212.1298828125,0,0.0,0.0
2023-10-13 00:00:00+02:00,2205.739990234375,2208.8701171875,2185.9599609375,2189.840087890625,0,0.0,0.0
2023-10-16 00:00:00+02:00,2193.2099609375,2201.56005859375,2177.760009765625,2190.780029296875,0,0.0,0.0
2023-10-17 00:00:00+02:00,2185.1201171875,2185.60009765625,2154.929931640625,2172.25,0,0.0,0.0
2023-10-18 00:00:00+02:00,2167.590087890625,2177.97998046875,2142.830078125,2144.43994140625,0,0.0,0.0
2023-10-19 00:00:00+02:00,2132.25,2148.739990234375,2117.800048828125,2121.830078125,0,0.0,0.0
2023-10-20 00:00:00+02:00,2100.0,2100.97998046875,2076.239990234375,2077.659912109375,0,0.0,0.0
2023-10-23 00:00:00+02:00,2086.68994140625,2087.75,2051.75,2066.5,0,0.0,0.0
2023-10-24 00:00:00+02:00,2066.0400390625,2078.469970703125,2050.22998046875,2074.18994140625,0,0.0,0.0
2023-10-25 00:00:00+02:00,2072.909912109375,2085.199951171875,2055.669921875,2073.840087890625,0,0.0,0.0
2023-10-26 00:00:00+02:00,2047.3800048828125,2072.239990234375,2036.8800048828125,2064.550048828125,0,0.0,0.0
2023-10-27 00:00:00+02:00,2065.4599609375,2073.93994140625,2042.6500244140625,2049.64990234375,0,0.0,0.0
2023-10-30 00:00:00+01:00,2049.659912109375,2065.679931640625,2048.949951171875,2057.139892578125,0,0.0,0.0
2023-10-31 00:00:00+01:00,2060.080078125,2083.610107421875,2059.780029296875,2075.7900390625,0,0.0,0.0
2023-11-01 00:00:00+01:00,2081.81005859375,2085.969970703125,2060.300048828125,2073.429931640625,0,0.0,0.0
2023-11-02 00:00:00+01:00,2086.6298828125,2123.110107421875,2086.570068359375,2110.800048828125,0,0.0,0.0
2023-11-03 00:00:00+01:00,2122.429931640625,2134.050048828125,2120.389892578125,2126.760009765625,0,0.0,0.0
2023-11-06 00:00:00+01:00,2140.330078125,2141.22998046875,2112.239990234375,2123.5,0,0.0,0.0
2023-11-07 00:00:00+01:00,2112.320068359375,2124.889892578125,2107.139892578125,2116.06005859375,0,0.0,0.0
2023-11-08 00:00:00+01:00,2106.389892578125,2125.1201171875,2102.800048828125,2114.320068359375,0,0.0,0.0
2023-11-09 00:00:00+01:00,2114.800048828125,2140.199951171875,2112.25,2137.97998046875,0,0.0,0.0
2023-11-10 00:00:00+01:00,2122.159912109375,2124.530029296875,2102.7099609375,2115.3798828125,0,0.0,0.0
2023-11-13 00:00:00+01:00,2125.300048828125,2131.070068359375,2116.18994140625,2122.6298828125,0,0.0,0.0
2023-11-14 00:00:00+01:00,2126.929931640625,2170.0,2121.93994140625,2169.97998046875,0,0.0,0.0
2023-11-15 00:00:00+01:00,2175.14990234375,2199.030029296875,2173.969970703125,2192.969970703125,0,0.0,0.0
2023-11-16 00:00:00+01:00,2189.7900390625,2190.280029296875,2167.1298828125,2171.530029296875,0,0.0,0.0
2023-11-17 00:00:00+01:00,2181.550048828125,2203.830078125,2181.35009765625,2198.830078125,0,0.0,0.0
2023-11-20 00:00:00+01:00,2200.9599609375,2208.969970703125,2192.81005859375,2206.340087890625,0,0.0,0.0
2023-11-21 00:00:00+01:00,2206.050048828125,2208.52001953125,2192.719970703125,2197.080078125,0,0.0,0.0
2023-11-22 00:00:00+01:00,2203.52001953125,2223.2099609375,2202.52001953125,2213.179931640625,0,0.0,0.0
2023-11-23 00:00:00+01:00,2217.219970703125,2231.590087890625,2213.409912109375,2226.340087890625,136131200,0.0,0.0
2023-11-24 00:00:00+01:00,2223.429931640625,2231.5,2222.780029296875,2229.3701171875,0,0.0,0.0
2023-11-27 00:00:00+01:00,2227.570068359375,2232.52001953125,2219.1201171875,2226.85009765625,0,0.0,0.0
2023-11-28 00:00:00+01:00,2219.35009765625,2223.409912109375,2209.0,2214.81005859375,0,0.0,0.0
2023-11-29 00:00:00+01:00,2212.7099609375,2239.510009765625,2212.050048828125,2233.0,0,0.0,0.0
2023-11-30 00:00:00+01:00,2233.780029296875,2245.14990234375,2227.3798828125,2232.4599609375,0,0.0,0.0
2023-12-01 00:00:00+01:00,2237.360107421875,2255.2099609375,2236.510009765625,2250.2099609375,0,0.0,0.0
2023-12-04 00:00:00+01:00,2250.429931640625,2265.18994140625,2248.639892578125,2253.800048828125,0,0.0,0.0
2023-12-05 00:00:00+01:00,2249.0400390625,2270.27001953125,2249.030029296875,2267.800048828125,0,0.0,0.0
2023-12-06 00:00:00+01:00,2271.8798828125,2296.330078125,2265.219970703125,2289.639892578125,0,0.0,0.0
2023-12-07 00:00:00+01:00,2288.030029296875,2294.159912109375,2279.820068359375,2287.1298828125,0,0.0,0.0
2023-12-08 00:00:00+01:00,2288.4599609375,2318.93994140625,2286.760009765625,2313.010009765625,0,0.0,0.0
2023-12-11 00:00:00+01:00,2314.7900390625,2340.31005859375,2312.360107421875,2339.780029296875,0,0.0,0.0
2023-12-12 00:00:00+01:00,2336.820068359375,2343.2900390625,2331.919921875,2334.72998046875,0,0.0,0.0
2023-12-13 00:00:00+01:00,2336.719970703125,2343.260009765625,2322.75,2322.75,0,0.0,0.0
2023-12-14 00:00:00+01:00,2356.639892578125,2369.169921875,2351.5,2365.25,0,0.0,0.0
2023-12-15 00:00:00+01:00,2373.35009765625,2395.43994140625,2373.35009765625,2386.429931640625,0,0.0,0.0
2023-12-18 00:00:00+01:00,2375.139892578125,2384.699951171875,2371.530029296875,2374.169921875,0,0.0,0.0
2023-12-19 00:00:00+01:00,2376.860107421875,2391.409912109375,2376.860107421875,2384.5400390625,0,0.0,0.0
2023-12-20 00:00:00+01:00,2387.489990234375,2394.610107421875,2376.719970703125,2390.840087890625,0,0.0,0.0
2023-12-21 00:00:00+01:00,2382.35009765625,2382.929931640625,2364.93994140625,2375.139892578125,0,0.0,0.0
2023-12-22 00:00:00+01:00,2367.18994140625,2384.030029296875,2365.090087890625,2377.050048828125,0,0.0,0.0
2023-12-27 00:00:00+01:00,2380.31005859375,2398.860107421875,2378.429931640625,2390.280029296875,0,0.0,0.0
2023-12-28 00:00:00+01:00,2396.22998046875,2398.909912109375,2384.449951171875,2389.010009765625,0,0.0,0.0
2023-12-29 00:00:00+01:00,2391.010009765625,2403.18994140625,2390.8701171875,2398.169921875,0,0.0,0.0
2024-01-02 00:00:00+01:00,2402.389892578125,2418.14990234375,2384.7900390625,2394.929931640625,0,0.0,0.0
2024-01-03 00:00:00+01:00,2393.909912109375,2396.1298828125,2345.820068359375,2356.639892578125,0,0.0,0.0
2024-01-04 00:00:00+01:00,2359.2900390625,2364.719970703125,2347.14990234375,2361.89990234375,0,0.0,0.0
2024-01-05 00:00:00+01:00,2351.27001953125,2354.320068359375,2335.889892578125,2337.860107421875,0,0.0,0.0
2024-01-08 00:00:00+01:00,2342.919921875,2357.820068359375,2330.070068359375,2357.77001953125,0,0.0,0.0
2024-01-09 00:00:00+01:00,2360.889892578125,2361.719970703125,2332.7900390625,2344.719970703125,0,0.0,0.0
2024-01-10 00:00:00+01:00,2341.7099609375,2347.93994140625,2335.31005859375,2341.93994140625,0,0.0,0.0
2024-01-11 00:00:00+01:00,2358.97998046875,2367.530029296875,2333.31005859375,2336.25,0,0.0,0.0
2024-01-12 00:00:00+01:00,2342.659912109375,2360.56005859375,2342.0,2355.9599609375,0,0.0,0.0
2024-01-15 00:00:00+01:00,2359.639892578125,2360.760009765625,2334.449951171875,2340.469970703125,93691500,0.0,0.0
2024-01-16 00:00:00+01:00,2329.989990234375,2330.800048828125,2315.85009765625,2323.7900390625,0,0.0,0.0
2024-01-17 00:00:00+01:00,2298.510009765625,2302.5400390625,2285.8701171875,2297.85009765625,0,0.0,0.0
2024-01-18 00:00:00+01:00,2301.3798828125,2316.389892578125,2293.72998046875,2309.949951171875,0,0.0,0.0
2024-01-19 00:00:00+01:00,2320.800048828125,2324.159912109375,2294.050048828125,2297.9599609375,0,0.0,0.0
2024-01-22 00:00:00+01:00,2314.8701171875,2333.840087890625,2314.8701171875,2330.550048828125,0,0.0,0.0
2024-01-23 00:00:00+01:00,2338.239990234375,2345.139892578125,2324.580078125,2337.47998046875,0,0.0,0.0
2024-01-24 00:00:00+01:00,2357.43994140625,2363.389892578125,2343.7900390625,2351.10009765625,0,0.0,0.0
2024-01-25 00:00:00+01:00,2342.72998046875,2364.10009765625,2336.06005859375,2362.72998046875,0,0.0,0.0
2024-01-26 00:00:00+01:00,2351.64990234375,2372.030029296875,2346.31005859375,2370.1298828125,0,0.0,0.0
2024-01-29 00:00:00+01:00,2363.699951171875,2376.840087890625,2353.590087890625,2368.06005859375,0,0.0,0.0
2024-01-30 00:00:00+01:00,2376.0400390625,2379.780029296875,2361.969970703125,2368.360107421875,0,0.0,0.0
2024-01-31 00:00:00+01:00,2370.31005859375,2371.239990234375,2355.75,2356.60009765625,0,0.0,0.0
2024-02-01 00:00:00+01:00,2356.60009765625,2380.199951171875,2356.60009765625,2364.81005859375,0,0.0,0.0
2024-02-02 00:00:00+01:00,2364.81005859375,2384.989990234375,2364.81005859375,2367.89990234375,0,0.0,0.0
2024-02-05 00:00:00+01:00,2367.89990234375,2368.169921875,2339.889892578125,2339.889892578125,0,0.0,0.0
2024-02-06 00:00:00+01:00,2339.889892578125,2360.699951171875,2339.889892578125,2357.52001953125,0,0.0,0.0
2024-02-07 00:00:00+01:00,2357.52001953125,2365.1298828125,2356.429931640625,2356.429931640625,0,0.0,0.0
2024-02-08 00:00:00+01:00,2356.429931640625,2365.929931640625,2356.429931640625,2358.489990234375,0,0.0,0.0
2024-02-09 00:00:00+01:00,2358.489990234375,2366.889892578125,2345.699951171875,2352.419921875,0,0.0,0.0
2024-02-12 00:00:00+01:00,2357.780029296875,2368.739990234375,2357.31005859375,2367.5,104264200,0.0,0.0
2024-02-13 00:00:00+01:00,2365.22998046875,2366.10009765625,2339.81005859375,2352.77001953125,0,0.0,0.0
2024-02-14 00:00:00+01:00,2349.25,2366.139892578125,2348.8701171875,2362.070068359375,0,0.0,0.0
2024-02-15 00:00:00+01:00,2374.610107421875,2389.6298828125,2374.300048828125,2385.239990234375,0,0.0,0.0
2024-02-16 00:00:00+01:00,2393.590087890625,2415.18994140625,2392.590087890625,2408.919921875,0,0.0,0.0
2024-02-19 00:00:00+01:00,2410.330078125,2414.02001953125,2401.0,2410.330078125,0,0.0,0.0
2024-02-20 00:00:00+01:00,2411.510009765625,2417.030029296875,2402.280029296875,2414.7900390625,0,0.0,0.0
2024-02-21 00:00:00+01:00,2415.409912109375,2417.7099609375,2403.179931640625,2414.969970703125,0,0.0,0.0
2024-02-22 00:00:00+01:00,2433.830078125,2442.31005859375,2419.929931640625,2426.3798828125,0,0.0,0.0
2024-02-23 00:00:00+01:00,2424.050048828125,2437.159912109375,2417.1298828125,2435.449951171875,0,0.0,0.0
2024-02-26 00:00:00+01:00,2434.659912109375,2443.4599609375,2430.7099609375,2438.639892578125,0,0.0,0.0
2024-02-27 00:00:00+01:00,2439.070068359375,2444.199951171875,2432.409912109375,2442.219970703125,0,0.0,0.0
2024-02-28 00:00:00+01:00,2438.9599609375,2451.429931640625,2438.9599609375,2447.2099609375,0,0.0,0.0
2024-02-29 00:00:00+01:00,2451.929931640625,2459.909912109375,2440.43994140625,2452.81005859375,0,0.0,0.0
2024-03-01 00:00:00+01:00,2463.68994140625,2472.75,2456.409912109375,2461.489990234375,0,0.0,0.0
2024-03-04 00:00:00+01:00,2465.31005859375,2465.31005859375,2448.219970703125,2455.360107421875,0,0.0,0.0
2024-03-05 00:00:00+01:00,2449.35009765625,2458.760009765625,2442.97998046875,2449.0400390625,0,0.0,0.0
2024-03-06 00:00:00+01:00,2445.93994140625,2462.72998046875,2442.669921875,2460.81005859375,0,0.0,0.0
2024-03-07 00:00:00+01:00,2450.02001953125,2478.760009765625,2440.89990234375,2471.570068359375,0,0.0,0.0
2024-03-08 00:00:00+01:00,2475.080078125,2495.85009765625,2471.43994140625,2487.699951171875,0,0.0,0.0
2024-03-11 00:00:00+01:00,2472.39990234375,2481.5,2466.75,2479.360107421875,0,0.0,0.0
2024-03-12 00:00:00+01:00,2489.27001953125,2526.090087890625,2488.60009765625,2521.909912109375,0,0.0,0.0
2024-03-13 00:00:00+01:00,2527.35009765625,2531.800048828125,2512.929931640625,2527.4599609375,0,0.0,0.0
2024-03-14 00:00:00+01:00,2534.090087890625,2542.969970703125,2523.64990234375,2527.85009765625,0,0.0,0.0
2024-03-15 00:00:00+01:00,2528.489990234375,2545.639892578125,2527.389892578125,2533.6201171875,0,0.0,0.0
2024-03-18 00:00:00+01:00,2534.550048828125,2536.179931640625,2502.06005859375,2504.800048828125,0,0.0,0.0
2024-03-19 00:00:00+01:00,2497.06005859375,2515.110107421875,2495.75,2514.919921875,0,0.0,0.0
2024-03-20 00:00:00+01:00,2504.81005859375,2519.030029296875,2495.139892578125,2510.43994140625,0,0.0,0.0
2024-03-21 00:00:00+01:00,2528.570068359375,2551.090087890625,2524.610107421875,2550.5,0,0.0,0.0
2024-03-22 00:00:00+01:00,2533.169921875,2555.429931640625,2531.25,2534.340087890625,0,0.0,0.0
2024-03-25 00:00:00+01:00,2533.840087890625,2542.909912109375,2517.510009765625,2526.070068359375,0,0.0,0.0
2024-03-26 00:00:00+01:00,2524.199951171875,2552.030029296875,2518.2099609375,2547.969970703125,0,0.0,0.0
2024-03-27 00:00:00+01:00,2544.550048828125,2557.52001953125,2532.47998046875,2537.3701171875,0,0.0,0.0
2024-03-28 00:00:00+01:00,2538.719970703125,2542.25,2516.2900390625,2518.27001953125,0,0.0,0.0
2024-04-02 00:00:00+02:00,2529.409912109375,2540.320068359375,2501.8798828125,2508.64990234375,0,0.0,0.0
2024-04-03 00:00:00+02:00,2508.52001953125,2517.75,2500.070068359375,2513.52001953125,0,0.0,0.0
2024-04-04 00:00:00+02:00,2514.530029296875,2524.6201171875,2508.949951171875,2521.860107421875,0,0.0,0.0
2024-04-05 00:00:00+02:00,2491.639892578125,2505.610107421875,2482.929931640625,2504.800048828125,0,0.0,0.0
2024-04-08 00:00:00+02:00,2512.3798828125,2527.159912109375,2505.89990234375,2522.360107421875,0,0.0,0.0
2024-04-09 00:00:00+02:00,2519.300048828125,2528.489990234375,2509.030029296875,2513.5,0,0.0,0.0
2024-04-10 00:00:00+02:00,2526.070068359375,2539.18994140625,2499.64990234375,2519.050048828125,121845600,0.0,0.0
2024-04-11 00:00:00+02:00,2513.2099609375,2518.949951171875,2476.610107421875,2499.699951171875,0,0.0,0.0
2024-04-12 00:00:00+02:00,2521.60009765625,2540.530029296875,2503.5,2506.989990234375,0,0.0,0.0
2024-04-15 00:00:00+02:00,2519.8798828125,2548.280029296875,2517.25,2523.39990234375,0,0.0,0.0
2024-04-16 00:00:00+02:00,2495.60009765625,2504.139892578125,2482.780029296875,2491.760009765625,0,0.0,0.0
2024-04-17 00:00:00+02:00,2488.419921875,2526.010009765625,2487.969970703125,2505.27001953125,0,0.0,0.0
2024-04-18 00:00:00+02:00,2522.7099609375,2524.18994140625,2498.969970703125,2517.68994140625,0,0.0,0.0
2024-04-19 00:00:00+02:00,2490.5400390625,2504.159912109375,2481.47998046875,2502.070068359375,0,0.0,0.0
2024-04-22 00:00:00+02:00,2518.469970703125,2525.5,2506.580078125,2511.409912109375,0,0.0,0.0
2024-04-23 00:00:00+02:00,2522.340087890625,2548.969970703125,2516.860107421875,2546.330078125,0,0.0,0.0
2024-04-24 00:00:00+02:00,2544.070068359375,2555.02001953125,2522.669921875,2543.2099609375,0,0.0,0.0
2024-04-25 00:00:00+02:00,2542.360107421875,2544.909912109375,2507.919921875,2525.39990234375,0,0.0,0.0
2024-04-26 00:00:00+02:00,2536.320068359375,2565.18994140625,2534.0400390625,2557.699951171875,0,0.0,0.0
2024-04-29 00:00:00+02:00,2566.5400390625,2572.75,2563.5400390625,2566.81005859375,0,0.0,0.0
2024-04-30 00:00:00+02:00,2565.75,2568.199951171875,2539.27001953125,2556.39990234375,0,0.0,0.0
2024-05-02 00:00:00+02:00,2544.090087890625,2547.070068359375,2522.7099609375,2525.2099609375,43469400,0.0,0.0
2024-05-03 00:00:00+02:00,2535.010009765625,2550.330078125,2524.780029296875,2540.080078125,0,0.0,0.0
2024-05-06 00:00:00+02:00,2549.18994140625,2563.919921875,2541.39990234375,2563.7900390625,0,0.0,0.0
2024-05-07 00:00:00+02:00,2574.93994140625,2593.169921875,2561.830078125,2593.169921875,0,0.0,0.0
2024-05-08 00:00:00+02:00,2589.10009765625,2606.179931640625,2588.389892578125,2589.10009765625,0,0.0,0.0
2024-05-10 00:00:00+02:00,2615.820068359375,2633.949951171875,2606.239990234375,2627.8701171875,0,0.0,0.0
2024-05-13 00:00:00+02:00,2625.89990234375,2628.889892578125,2616.97998046875,2624.760009765625,0,0.0,0.0
2024-05-14 00:00:00+02:00,2624.800048828125,2634.72998046875,2617.85009765625,2632.85009765625,0,0.0,0.0
2024-05-15 00:00:00+02:00,2639.969970703125,2642.719970703125,2619.7900390625,2627.52001953125,0,0.0,0.0
2024-05-16 00:00:00+02:00,2628.52001953125,2629.239990234375,2602.43994140625,2608.820068359375,0,0.0,0.0
2024-05-17 00:00:00+02:00,2605.010009765625,2609.3701171875,2591.010009765625,2602.199951171875,0,0.0,0.0
2024-05-20 00:00:00+02:00,2607.929931640625,2632.169921875,2607.929931640625,2632.169921875,0,0.0,0.0
2024-05-21 00:00:00+02:00,2627.64990234375,2631.760009765625,2615.580078125,2631.489990234375,0,0.0,0.0
2024-05-22 00:00:00+02:00,2632.199951171875,2638.31005859375,2623.510009765625,2634.510009765625,0,0.0,0.0
2024-05-23 00:00:00+02:00,2637.4599609375,2648.199951171875,2631.389892578125,2641.469970703125,0,0.0,0.0
2024-05-24 00:00:00+02:00,2620.889892578125,2626.389892578125,2607.699951171875,2624.5,0,0.0,0.0
2024-05-27 00:00:00+02:00,2622.989990234375,2631.1298828125,2617.909912109375,2630.300048828125,99248300,0.0,0.0
2024-05-28 00:00:00+02:00,2632.909912109375,2637.0400390625,2605.300048828125,2616.2900390625,0,0.0,0.0
2024-05-29 00:00:00+02:00,2610.85009765625,2613.3701171875,2582.949951171875,2583.5,0,0.0,0.0
2024-05-30 00:00:00+02:00,2578.449951171875,2595.300048828125,2574.68994140625,2593.070068359375,0,0.0,0.0
2024-05-31 00:00:00+02:00,2595.0400390625,2606.179931640625,2584.639892578125,2604.10009765625,0,0.0,0.0
2024-06-03 00:00:00+02:00,2627.469970703125,2636.260009765625,2606.169921875,2612.02001953125,0,0.0,0.0
2024-06-04 00:00:00+02:00,2607.219970703125,2608.219970703125,2582.06005859375,2587.699951171875,0,0.0,0.0
2024-06-05 00:00:00+02:00,2600.909912109375,2614.02001953125,2598.0,2609.719970703125,0,0.0,0.0
2024-06-07 00:00:00+02:00,2620.949951171875,2630.8701171875,2605.169921875,2623.590087890625,0,0.0,0.0
2024-06-10 00:00:00+02:00,2609.909912109375,2612.260009765625,2587.360107421875,2600.719970703125,0,0.0,0.0
2024-06-11 00:00:00+02:00,2607.35009765625,2614.760009765625,2574.419921875,2586.9599609375,0,0.0,0.0
2024-06-12 00:00:00+02:00,2593.909912109375,2632.18994140625,2592.830078125,2627.1201171875,0,0.0,0.0
2024-06-13 00:00:00+02:00,2624.830078125,2625.159912109375,2586.070068359375,2587.110107421875,0,0.0,0.0
2024-06-14 00:00:00+02:00,2592.22998046875,2592.429931640625,2554.780029296875,2561.60009765625,0,0.0,0.0
2024-06-17 00:00:00+02:00,2572.06005859375,2581.679931640625,2548.010009765625,2558.510009765625,0,0.0,0.0
2024-06-18 00:00:00+02:00,2573.969970703125,2575.010009765625,2554.02001953125,2566.489990234375,0,0.0,0.0
2024-06-19 00:00:00+02:00,2565.820068359375,2565.820068359375,2554.2099609375,2554.2099609375,82286600,0.0,0.0
2024-06-20 00:00:00+02:00,2558.760009765625,2576.739990234375,2557.9599609375,2573.77001953125,0,0.0,0.0
2024-06-24 00:00:00+02:00,2551.72998046875,2595.800048828125,2549.179931640625,2594.5400390625,0,0.0,0.0
2024-06-25 00:00:00+02:00,2583.93994140625,2584.330078125,2557.760009765625,2561.570068359375,0,0.0,0.0
2024-06-26 00:00:00+02:00,2577.260009765625,2595.0,2562.409912109375,2572.239990234375,0,0.0,0.0
2024-06-27 00:00:00+02:00,2571.27001953125,2575.989990234375,2557.080078125,2557.8701171875,0,0.0,0.0
2024-06-28 00:00:00+02:00,2572.300048828125,2576.47998046875,2561.139892578125,2569.449951171875,0,0.0,0.0
2024-07-01 00:00:00+02:00,2591.320068359375,2592.820068359375,2570.909912109375,2584.830078125,0,0.0,0.0
2024-07-02 00:00:00+02:00,2573.85009765625,2573.85009765625,2547.139892578125,2554.1201171875,0,0.0,0.0
2024-07-03 00:00:00+02:00,2564.7099609375,2583.1298828125,2557.409912109375,2565.27001953125,0,0.0,0.0
2024-07-04 00:00:00+02:00,2569.909912109375,2583.9599609375,2566.159912109375,2571.8701171875,82073600,0.0,0.0
2024-07-05 00:00:00+02:00,2575.919921875,2583.320068359375,2552.070068359375,2556.530029296875,0,0.0,0.0
2024-07-08 00:00:00+02:00,2553.72998046875,2568.570068359375,2547.14990234375,2564.300048828125,0,0.0,0.0
2024-07-09 00:00:00+02:00,2562.110107421875,2563.0400390625,2529.590087890625,2534.219970703125,0,0.0,0.0
2024-07-10 00:00:00+02:00,2539.830078125,2548.699951171875,2528.139892578125,2548.39990234375,0,0.0,0.0
2024-07-11 00:00:00+02:00,2559.489990234375,2579.659912109375,2549.330078125,2574.280029296875,0,0.0,0.0
2024-07-12 00:00:00+02:00,2582.89990234375,2635.2099609375,2582.89990234375,2630.610107421875,0,0.0,0.0
2024-07-15 00:00:00+02:00,2619.219970703125,2621.47998046875,2600.239990234375,2605.2900390625,0,0.0,0.0
2024-07-16 00:00:00+02:00,2599.090087890625,2615.510009765625,2592.219970703125,2613.580078125,0,0.0,0.0
2024-07-17 00:00:00+02:00,2600.320068359375,2602.7900390625,2577.739990234375,2597.56005859375,0,0.0,0.0
2024-07-18 00:00:00+02:00,2611.0400390625,2616.72998046875,2584.510009765625,2597.7900390625,0,0.0,0.0
2024-07-19 00:00:00+02:00,2592.0400390625,2594.320068359375,2570.6298828125,2570.6298828125,0,0.0,0.0
2024-07-22 00:00:00+02:00,2579.669921875,2609.1298828125,2577.6298828125,2593.429931640625,0,0.0,0.0
2024-07-23 00:00:00+02:00,2602.169921875,2610.35009765625,2582.679931640625,2596.429931640625,0,0.0,0.0
2024-07-24 00:00:00+02:00,2579.570068359375,2581.89990234375,2564.699951171875,2570.969970703125,0,0.0,0.0
2024-07-25 00:00:00+02:00,2548.739990234375,2562.8701171875,2527.780029296875,2562.3701171875,0,0.0,0.0
2024-07-26 00:00:00+02:00,2553.56005859375,2582.18994140625,2553.25,2578.75,0,0.0,0.0
2024-07-29 00:00:00+02:00,2590.8701171875,2603.14990234375,2580.0,2580.0,0,0.0,0.0
2024-07-30 00:00:00+02:00,2585.97998046875,2600.25,2585.510009765625,2595.25,0,0.0,0.0
2024-07-31 00:00:00+02:00,2614.840087890625,2622.419921875,2603.7099609375,2609.330078125,0,0.0,0.0
2024-08-01 00:00:00+02:00,2599.77001953125,2599.77001953125,2544.35009765625,2547.179931640625,0,0.0,0.0
2024-08-02 00:00:00+02:00,2522.280029296875,2522.280029296875,2460.6201171875,2467.0,0,0.0,0.0
2024-08-05 00:00:00+02:00,2388.3798828125,2416.60009765625,2356.64990234375,2411.260009765625,0,0.0,0.0
2024-08-06 00:00:00+02:00,2434.2099609375,2439.989990234375,2383.659912109375,2402.9599609375,0,0.0,0.0
2024-08-07 00:00:00+02:00,2418.830078125,2452.2900390625,2416.5400390625,2442.1298828125,0,0.0,0.0
2024-08-08 00:00:00+02:00,2424.3798828125,2454.06005859375,2406.1201171875,2450.389892578125,0,0.0,0.0
2024-08-09 00:00:00+02:00,2456.27001953125,2476.860107421875,2447.570068359375,2458.590087890625,0,0.0,0.0
2024-08-12 00:00:00+02:00,2469.39990234375,2473.93994140625,2454.889892578125,2460.89990234375,55832900,0.0,0.0
2024-08-13 00:00:00+02:00,2471.610107421875,2474.510009765625,2453.489990234375,2472.9599609375,61269100,0.0,0.0
2024-08-14 00:00:00+02:00,2488.110107421875,2496.5400390625,2484.800048828125,2494.18994140625,63830900,0.0,0.0
2024-08-15 00:00:00+02:00,2504.659912109375,2529.77001953125,2495.280029296875,2522.81005859375,79171200,0.0,0.0
2024-08-16 00:00:00+02:00,2528.7099609375,2539.830078125,2524.669921875,2533.090087890625,119809900,0.0,0.0
2024-08-19 00:00:00+02:00,2534.39990234375,2542.27001953125,2533.449951171875,2540.830078125,87402800,0.0,0.0
2024-08-20 00:00:00+02:00,2545.89990234375,2546.889892578125,2525.169921875,2527.2900390625,89491900,0.0,0.0
2024-08-21 00:00:00+02:00,2527.550048828125,2538.93994140625,2514.889892578125,2523.93994140625,66801600,0.0,0.0
2024-08-22 00:00:00+02:00,2526.110107421875,2550.47998046875,2525.320068359375,2541.10009765625,64882300,0.0,0.0
2024-08-23 00:00:00+02:00,2541.570068359375,2567.2900390625,2536.81005859375,2559.27001953125,81653600,0.0,0.0
2024-08-26 00:00:00+02:00,2557.3798828125,2572.97998046875,2554.7099609375,2567.1201171875,59267900,0.0,0.0
2024-08-27 00:00:00+02:00,2569.5400390625,2573.52001953125,2553.02001953125,2556.75,71386300,0.0,0.0
2024-08-28 00:00:00+02:00,2559.090087890625,2572.840087890625,2551.7900390625,2562.5400390625,100643700,0.0,0.0
2024-08-29 00:00:00+02:00,2564.889892578125,2591.5400390625,2564.22998046875,2587.89990234375,94639200,0.0,0.0
2024-08-30 00:00:00+02:00,2589.27001953125,2601.139892578125,2585.6201171875,2595.9599609375,160949400,0.0,0.0
2024-09-02 00:00:00+02:00,2595.27001953125,2595.4599609375,2578.77001953125,2589.97998046875,95782200,0.0,0.0
2024-09-03 00:00:00+02:00,2591.550048828125,2598.919921875,2562.18994140625,2565.780029296875,106816400,0.0,0.0
2024-09-04 00:00:00+02:00,2523.31005859375,2544.27001953125,2521.949951171875,2531.719970703125,96042600,0.0,0.0
2024-09-05 00:00:00+02:00,2523.199951171875,2532.050048828125,2505.429931640625,2509.300048828125,79584500,0.0,0.0
2024-09-06 00:00:00+02:00,2494.989990234375,2516.080078125,2478.330078125,2480.989990234375,80149800,0.0,0.0
2024-09-09 00:00:00+02:00,2495.780029296875,2517.429931640625,2495.68994140625,2511.43994140625,83226900,0.0,0.0
2024-09-10 00:00:00+02:00,2504.89990234375,2521.739990234375,2489.7900390625,2495.760009765625,101133200,0.0,0.0
2024-09-11 00:00:00+02:00,2499.909912109375,2515.340087890625,2482.010009765625,2489.9599609375,81627100,0.0,0.0
2024-09-12 00:00:00+02:00,2523.25,2537.72998046875,2499.8798828125,2510.5400390625,75621000,0.0,0.0
2024-09-13 00:00:00+02:00,2513.72998046875,2528.7099609375,2513.080078125,2525.179931640625,89721000,0.0,0.0
2024-09-16 00:00:00+02:00,2516.72998046875,2534.580078125,2514.699951171875,2529.75,73039400,0.0,0.0
2024-09-17 00:00:00+02:00,2538.199951171875,2561.4599609375,2537.840087890625,2555.89990234375,89730500,0.0,0.0
2024-09-18 00:00:00+02:00,2555.199951171875,2555.2099609375,2536.5,2544.25,82882000,0.0,0.0
2024-09-19 00:00:00+02:00,2569.27001953125,2600.75,2565.7099609375,2592.909912109375,154151600,0.0,0.0
2024-09-20 00:00:00+02:00,2588.179931640625,2595.60009765625,2574.02001953125,2579.14990234375,195165500,0.0,0.0
2024-09-23 00:00:00+02:00,2578.68994140625,2591.989990234375,2563.659912109375,2583.85009765625,103176700,0.0,0.0
2024-09-24 00:00:00+02:00,2603.780029296875,2608.840087890625,2577.550048828125,2590.010009765625,115543500,0.0,0.0
2024-09-25 00:00:00+02:00,2582.8701171875,2615.0400390625,2582.8701171875,2610.909912109375,143334300,0.0,0.0
2024-09-26 00:00:00+02:00,2641.7099609375,2649.919921875,2625.169921875,2642.429931640625,126926800,0.0,0.0
2024-09-27 00:00:00+02:00,2644.800048828125,2647.919921875,2632.409912109375,2639.449951171875,130104200,0.0,0.0
2024-09-30 00:00:00+02:00,2635.18994140625,2649.489990234375,2620.139892578125,2626.43994140625,103661100,0.0,0.0
2024-10-01 00:00:00+02:00,2632.75,2641.219970703125,2603.64990234375,2611.340087890625,96956300,0.0,0.0
2024-10-02 00:00:00+02:00,2614.330078125,2623.300048828125,2606.1298828125,2620.659912109375,81696400,0.0,0.0
2024-10-03 00:00:00+02:00,2615.31005859375,2619.719970703125,2588.820068359375,2594.5,77300500,0.0,0.0
2024-10-04 00:00:00+02:00,2593.050048828125,2616.31005859375,2588.6298828125,2603.800048828125,88475100,0.0,0.0
2024-10-07 00:00:00+02:00,2610.949951171875,2611.550048828125,2586.989990234375,2602.659912109375,79764600,0.0,0.0
2024-10-08 00:00:00+02:00,2583.7900390625,2598.050048828125,2574.929931640625,2587.889892578125,76483600,0.0,0.0
2024-10-09 00:00:00+02:00,2585.7099609375,2598.949951171875,2577.360107421875,2594.909912109375,86483900,0.0,0.0
2024-10-10 00:00:00+02:00,2592.080078125,2597.159912109375,2562.27001953125,2573.909912109375,80483000,0.0,0.0
2024-10-11 00:00:00+02:00,2571.669921875,2591.659912109375,2566.31005859375,2588.719970703125,75645300,0.0,0.0
2024-10-14 00:00:00+02:00,2591.510009765625,2598.25,2579.010009765625,2598.25,72592100,0.0,0.0
2024-10-15 00:00:00+02:00,2601.889892578125,2619.570068359375,2577.070068359375,2577.070068359375,134885500,0.0,0.0
2024-10-16 00:00:00+02:00,2563.93994140625,2585.5,2558.860107421875,2580.090087890625,107962500,0.0,0.0
2024-10-17 00:00:00+02:00,2587.719970703125,2598.52001953125,2583.300048828125,2585.81005859375,98734700,0.0,0.0
2024-10-18 00:00:00+02:00,2573.409912109375,2599.949951171875,2572.47998046875,2594.300048828125,80027500,0.0,0.0
2024-10-21 00:00:00+02:00,2591.10009765625,2602.510009765625,2571.93994140625,2576.199951171875,84169000,0.0,0.0
2024-10-22 00:00:00+02:00,2579.43994140625,2580.989990234375,2550.27001953125,2571.510009765625,92937400,0.0,0.0
2024-10-23 00:00:00+02:00,2573.320068359375,2588.52001953125,2565.159912109375,2581.330078125,126293600,0.0,0.0
2024-10-24 00:00:00+02:00,2578.889892578125,2600.139892578125,2576.570068359375,2578.090087890625,104983200,0.0,0.0
2024-10-25 00:00:00+02:00,2575.85009765625,2601.570068359375,2574.800048828125,2592.280029296875,103225400,0.0,0.0
2024-10-28 00:00:00+01:00,2601.840087890625,2627.699951171875,2595.830078125,2624.090087890625,92950500,0.0,0.0
2024-10-29 00:00:00+01:00,2632.110107421875,2639.52001953125,2610.77001953125,2610.77001953125,88506800,0.0,0.0
2024-10-30 00:00:00+01:00,2604.590087890625,2608.280029296875,2571.2099609375,2578.3798828125,81319200,0.0,0.0
2024-10-31 00:00:00+01:00,2556.570068359375,2562.60009765625,2535.330078125,2542.409912109375,105026200,0.0,0.0
2024-11-01 00:00:00+01:00,2546.139892578125,2564.75,2546.139892578125,2557.219970703125,43531200,0.0,0.0
2024-11-04 00:00:00+01:00,2564.419921875,2582.0,2564.419921875,2571.97998046875,217180900,0.0,0.0
2024-11-05 00:00:00+01:00,2571.9599609375,2576.699951171875,2555.800048828125,2574.1298828125,100659700,0.0,0.0
2024-11-06 00:00:00+01:00,2590.89990234375,2626.570068359375,2552.949951171875,2553.1298828125,150049700,0.0,0.0
2024-11-07 00:00:00+01:00,2559.89990234375,2593.97998046875,2558.64990234375,2584.719970703125,153249600,0.0,0.0
2024-11-08 00:00:00+01:00,2583.179931640625,2584.14990234375,2546.840087890625,2558.739990234375,111518000,0.0,0.0
2024-11-11 00:00:00+01:00,2574.5400390625,2584.280029296875,2571.949951171875,2576.429931640625,99632900,0.0,0.0
2024-11-12 00:00:00+01:00,2556.14990234375,2558.60009765625,2508.639892578125,2514.22998046875,111201700,0.0,0.0
2024-11-13 00:00:00+01:00,2512.18994140625,2520.590087890625,2493.719970703125,2512.56005859375,88960300,0.0,0.0
2024-11-14 00:00:00+01:00,2519.580078125,2535.77001953125,2507.070068359375,2531.389892578125,85454500,0.0,0.0
2024-11-15 00:00:00+01:00,2513.489990234375,2530.639892578125,2506.3798828125,2509.989990234375,128014500,0.0,0.0
2024-11-18 00:00:00+01:00,2509.389892578125,2518.8798828125,2489.889892578125,2506.909912109375,92387500,0.0,0.0
2024-11-19 00:00:00+01:00,2515.2099609375,2518.14990234375,2462.169921875,2493.47998046875,110860200,0.0,0.0
2024-11-20 00:00:00+01:00,2508.2900390625,2513.739990234375,2483.489990234375,2484.489990234375,101234700,0.0,0.0
2024-11-21 00:00:00+01:00,2484.800048828125,2498.489990234375,2464.139892578125,2496.31005859375,92663000,0.0,0.0
2024-11-22 00:00:00+01:00,2506.81005859375,2520.030029296875,2486.330078125,2514.10009765625,99712600,0.0,0.0
2024-11-25 00:00:00+01:00,2527.97998046875,2531.4599609375,2505.550048828125,2512.449951171875,162169000,0.0,0.0
2024-11-26 00:00:00+01:00,2495.60009765625,2505.2099609375,2487.639892578125,2495.800048828125,82549600,0.0,0.0
2024-11-27 00:00:00+01:00,2491.530029296875,2501.679931640625,2483.929931640625,2497.679931640625,109593400,0.0,0.0
2024-11-28 00:00:00+01:00,2508.169921875,2522.8798828125,2505.760009765625,2508.919921875,65969100,0.0,0.0
2024-11-29 00:00:00+01:00,2505.360107421875,2516.409912109375,2495.090087890625,2513.85009765625,148707000,0.0,0.0
2024-12-02 00:00:00+01:00,2503.02001953125,2563.090087890625,2500.860107421875,2548.1298828125,96000300,0.0,0.0
2024-12-03 00:00:00+01:00,2555.419921875,2582.679931640625,2554.6298828125,2573.699951171875,91616200,0.0,0.0
2024-12-04 00:00:00+01:00,2585.77001953125,2601.219970703125,2582.570068359375,2594.3798828125,106957200,0.0,0.0
2024-12-05 00:00:00+01:00,2593.800048828125,2607.169921875,2592.68994140625,2606.080078125,109918700,0.0,0.0
2024-12-06 00:00:00+01:00,2603.090087890625,2617.659912109375,2600.840087890625,2614.27001953125,76350600,0.0,0.0
2024-12-09 00:00:00+01:00,2631.260009765625,2633.570068359375,2613.070068359375,2617.800048828125,103691500,0.0,0.0
2024-12-10 00:00:00+01:00,2612.85009765625,2614.070068359375,2595.489990234375,2595.489990234375,96834400,0.0,0.0
2024-12-11 00:00:00+01:00,2589.179931640625,2599.409912109375,2584.320068359375,2588.43994140625,106580400,0.0,0.0
2024-12-12 00:00:00+01:00,2594.64990234375,2600.159912109375,2569.56005859375,2573.97998046875,137731700,0.0,0.0
2024-12-13 00:00:00+01:00,2570.669921875,2580.27001953125,2551.830078125,2556.340087890625,108524800,0.0,0.0
2024-12-16 00:00:00+01:00,2553.239990234375,2556.739990234375,2539.110107421875,2544.60009765625,87184700,0.0,0.0
2024-12-17 00:00:00+01:00,2534.77001953125,2545.27001953125,2529.570068359375,2533.070068359375,87329200,0.0,0.0
2024-12-18 00:00:00+01:00,2536.419921875,2549.72998046875,2530.169921875,2537.6298828125,167824900,0.0,0.0
2024-12-19 00:00:00+01:00,2501.580078125,2512.050048828125,2474.27001953125,2481.10009765625,150968400,0.0,0.0
2024-12-20 00:00:00+01:00,2462.81005859375,2475.93994140625,2435.659912109375,2474.64990234375,190662800,0.0,0.0
2024-12-23 00:00:00+01:00,2467.469970703125,2476.909912109375,2457.27001953125,2469.8701171875,111040700,0.0,0.0
2024-12-27 00:00:00+01:00,2476.409912109375,2493.81005859375,2471.080078125,2490.18994140625,86134200,0.0,0.0
2024-12-30 00:00:00+01:00,2479.860107421875,2495.050048828125,2468.590087890625,2483.1201171875,89093600,0.0,0.0
2025-01-02 00:00:00+01:00,2491.60009765625,2509.7099609375,2482.43994140625,2508.830078125,82527400,0.0,0.0
2025-01-03 00:00:00+01:00,2510.739990234375,2518.570068359375,2503.830078125,2511.419921875,83920600,0.0,0.0
2025-01-07 00:00:00+01:00,2545.199951171875,2559.919921875,2529.639892578125,2543.14990234375,131095900,0.0,0.0
2025-01-08 00:00:00+01:00,2537.340087890625,2558.219970703125,2526.43994140625,2541.2900390625,139032000,0.0,0.0
2025-01-09 00:00:00+01:00,2539.85009765625,2553.89990234375,2529.030029296875,2549.580078125,101004900,0.0,0.0
2025-01-10 00:00:00+01:00,2549.22998046875,2552.330078125,2520.429931640625,2523.72998046875,109467200,0.0,0.0
2025-01-13 00:00:00+01:00,2517.669921875,2521.25,2494.260009765625,2514.81005859375,127204700,0.0,0.0
2025-01-14 00:00:00+01:00,2531.570068359375,2538.0,2517.409912109375,2521.219970703125,112406400,0.0,0.0
2025-01-15 00:00:00+01:00,2528.68994140625,2575.889892578125,2525.330078125,2570.830078125,141027800,0.0,0.0
2025-01-16 00:00:00+01:00,2588.9599609375,2592.489990234375,2575.360107421875,2585.860107421875,102266000,0.0,0.0
2025-01-17 00:00:00+01:00,2595.510009765625,2625.360107421875,2589.89990234375,2617.409912109375,147289700,0.0,0.0
2025-01-20 00:00:00+01:00,2623.52001953125,2630.330078125,2610.199951171875,2616.68994140625,80913800,0.0,0.0
2025-01-21 00:00:00+01:00,2618.679931640625,2639.219970703125,2616.6201171875,2638.419921875,100400100,0.0,0.0
2025-01-22 00:00:00+01:00,2646.179931640625,2663.820068359375,2640.5,2647.989990234375,99182100,0.0,0.0
2025-01-23 00:00:00+01:00,2655.93994140625,2672.64990234375,2641.320068359375,2672.64990234375,126854900,0.0,0.0
2025-01-24 00:00:00+01:00,2686.31005859375,2690.030029296875,2662.280029296875,2669.72998046875,145224300,0.0,0.0
2025-01-27 00:00:00+01:00,2638.0400390625,2653.60009765625,2627.610107421875,2646.919921875,114136100,0.0,0.0
2025-01-28 00:00:00+01:00,2659.14990234375,2676.320068359375,2635.429931640625,2635.6298828125,116723900,0.0,0.0
2025-01-29 00:00:00+01:00,2640.2900390625,2664.0400390625,2638.409912109375,2657.330078125,144000200,0.0,0.0
2025-01-30 00:00:00+01:00,2657.300048828125,2666.580078125,2646.35009765625,2662.31005859375,154844900,0.0,0.0
2025-01-31 00:00:00+01:00,2674.300048828125,2684.010009765625,2667.949951171875,2670.5400390625,119024100,0.0,0.0
2025-02-03 00:00:00+01:00,2614.6201171875,2637.39990234375,2608.06005859375,2632.639892578125,127160700,0.0,0.0
2025-02-04 00:00:00+01:00,2637.820068359375,2639.43994140625,2604.22998046875,2638.4599609375,92166300,0.0,0.0
2025-02-05 00:00:00+01:00,2625.0400390625,2631.5400390625,2614.830078125,2629.110107421875,117432400,0.0,0.0
2025-02-06 00:00:00+01:00,2643.97998046875,2669.989990234375,2635.909912109375,2665.75,114533800,0.0,0.0
2025-02-07 00:00:00+01:00,2662.81005859375,2664.47998046875,2637.260009765625,2639.760009765625,98718300,0.0,0.0
2025-02-10 00:00:00+01:00,2645.27001953125,2662.159912109375,2644.909912109375,2658.2900390625,86780200,0.0,0.0
2025-02-11 00:00:00+01:00,2656.43994140625,2667.4599609375,2648.389892578125,2666.8701171875,80219200,0.0,0.0
2025-02-12 00:00:00+01:00,2674.669921875,2687.5,2664.679931640625,2678.969970703125,101194000,0.0,0.0
2025-02-13 00:00:00+01:00,2697.889892578125,2725.739990234375,2694.530029296875,2724.25,125256700,0.0,0.0
2025-02-14 00:00:00+01:00,2724.159912109375,2729.1298828125,2714.219970703125,2716.989990234375,134362400,0.0,0.0
2025-02-17 00:00:00+01:00,2717.659912109375,2743.260009765625,2715.8701171875,2743.260009765625,104056200,0.0,0.0
2025-02-18 00:00:00+01:00,2747.18994140625,2759.47998046875,2735.25,2757.280029296875,100350800,0.0,0.0
2025-02-19 00:00:00+01:00,2756.139892578125,2757.02001953125,2707.5,2710.22998046875,160071000,0.0,0.0
2025-02-20 00:00:00+01:00,2713.010009765625,2734.659912109375,2711.580078125,2725.090087890625,107530700,0.0,0.0
2025-02-21 00:00:00+01:00,2727.68994140625,2745.02001953125,2718.8798828125,2724.260009765625,146898600,0.0,0.0
2025-02-24 00:00:00+01:00,2730.0400390625,2731.8701171875,2699.580078125,2713.6201171875,108104200,0.0,0.0
2025-02-25 00:00:00+01:00,2697.429931640625,2733.7099609375,2696.5,2724.72998046875,118500000,0.0,0.0
2025-02-26 00:00:00+01:00,2741.02001953125,2764.330078125,2739.429931640625,2762.5,106641400,0.0,0.0
2025-02-27 00:00:00+01:00,2749.510009765625,2761.389892578125,2726.919921875,2741.949951171875,105490700,0.0,0.0
2025-02-28 00:00:00+01:00,2722.68994140625,2736.06005859375,2716.1298828125,2724.699951171875,173335500,0.0,0.0
2025-03-03 00:00:00+01:00,2728.159912109375,2766.949951171875,2722.830078125,2744.739990234375,125626100,0.0,0.0
2025-03-04 00:00:00+01:00,2721.2900390625,2721.360107421875,2656.0,2656.25,152319800,0.0,0.0
2025-03-05 00:00:00+01:00,2695.590087890625,2731.889892578125,2693.659912109375,2723.989990234375,133656900,0.0,0.0
2025-03-06 00:00:00+01:00,2742.280029296875,2743.030029296875,2688.969970703125,2733.02001953125,133662300,0.0,0.0
2025-03-07 00:00:00+01:00,2711.860107421875,2734.489990234375,2692.60009765625,2729.2099609375,118291700,0.0,0.0
2025-03-10 00:00:00+01:00,2734.02001953125,2735.260009765625,2703.409912109375,2710.52001953125,100776700,0.0,0.0
2025-03-11 00:00:00+01:00,2719.449951171875,2721.06005859375,2646.31005859375,2652.669921875,129396500,0.0,0.0
2025-03-12 00:00:00+01:00,2668.14990234375,2681.8701171875,2637.909912109375,2656.409912109375,121552800,0.0,0.0
2025-03-13 00:00:00+01:00,2645.010009765625,2666.85009765625,2624.35009765625,2647.840087890625,95771400,0.0,0.0
2025-03-14 00:00:00+01:00,2650.18994140625,2683.830078125,2643.800048828125,2682.3798828125,104204200,0.0,0.0
2025-03-17 00:00:00+01:00,2683.669921875,2692.0400390625,2673.31005859375,2685.18994140625,95161500,0.0,0.0
2025-03-18 00:00:00+01:00,2694.81005859375,2705.06005859375,2673.39990234375,2685.5,99539400,0.0,0.0
2025-03-19 00:00:00+01:00,2674.35009765625,2685.699951171875,2665.81005859375,2677.93994140625,109976000,0.0,0.0
2025-03-20 00:00:00+01:00,2678.919921875,2690.090087890625,2648.669921875,2668.760009765625,110880400,0.0,0.0
2025-03-21 00:00:00+01:00,2653.510009765625,2657.35009765625,2620.840087890625,2629.360107421875,175115400,0.0,0.0
2025-03-24 00:00:00+01:00,2645.31005859375,2646.8701171875,2620.0,2630.760009765625,98425000,0.0,0.0
2025-03-25 00:00:00+01:00,2630.10009765625,2642.22998046875,2614.31005859375,2641.3798828125,102838400,0.0,0.0
2025-03-26 00:00:00+01:00,2645.340087890625,2646.530029296875,2600.989990234375,2604.030029296875,97868600,0.0,0.0
2025-03-27 00:00:00+01:00,2582.169921875,2583.7900390625,2552.070068359375,2572.81005859375,116975600,0.0,0.0
2025-03-28 00:00:00+01:00,2557.280029296875,2563.97998046875,2531.159912109375,2542.669921875,92891600,0.0,0.0
2025-03-31 00:00:00+02:00,2518.5400390625,2518.5400390625,2487.52001953125,2494.06005859375,126285600,0.0,0.0
2025-04-01 00:00:00+02:00,2505.840087890625,2516.739990234375,2490.570068359375,2509.780029296875,108307900,0.0,0.0
2025-04-02 00:00:00+02:00,2492.239990234375,2497.75,2440.260009765625,2478.68994140625,126224900,0.0,0.0
2025-04-03 00:00:00+02:00,2419.969970703125,2429.530029296875,2376.419921875,2385.159912109375,194674000,0.0,0.0
2025-04-04 00:00:00+02:00,2371.56005859375,2379.469970703125,2252.280029296875,2287.239990234375,233775800,0.0,0.0
2025-04-07 00:00:00+02:00,2272.340087890625,2296.139892578125,2097.580078125,2179.389892578125,311855600,0.0,0.0
2025-04-08 00:00:00+02:00,2218.570068359375,2265.110107421875,2199.699951171875,2237.260009765625,180966500,0.0,0.0
2025-04-09 00:00:00+02:00,2161.340087890625,2198.610107421875,2136.639892578125,2175.77001953125,196282000,0.0,0.0
2025-04-10 00:00:00+02:00,2187.75,2370.169921875,2187.219970703125,2280.570068359375,188817400,0.0,0.0
2025-04-11 00:00:00+02:00,2286.7099609375,2287.800048828125,2219.760009765625,2277.60009765625,163957000,0.0,0.0
2025-04-14 00:00:00+02:00,2318.2099609375,2345.5,2306.919921875,2338.699951171875,122984900,0.0,0.0
2025-04-15 00:00:00+02:00,2343.72998046875,2391.090087890625,2339.780029296875,2390.68994140625,120140500,0.0,0.0
2025-04-16 00:00:00+02:00,2371.0400390625,2373.409912109375,2349.31005859375,2372.590087890625,122953600,0.0,0.0
2025-04-17 00:00:00+02:00,2372.35009765625,2374.820068359375,2346.639892578125,2355.580078125,54733700,0.0,0.0
2025-04-22 00:00:00+02:00,2359.669921875,2365.4599609375,2335.60009765625,2364.18994140625,117882700,0.0,0.0
2025-04-23 00:00:00+02:00,2389.550048828125,2421.6298828125,2386.3701171875,2392.340087890625,138029600,0.0,0.0
2025-04-24 00:00:00+02:00,2382.1201171875,2400.35009765625,2373.739990234375,2398.840087890625,108796200,0.0,0.0
2025-04-25 00:00:00+02:00,2415.489990234375,2436.080078125,2410.320068359375,2426.969970703125,108551300,0.0,0.0
2025-04-28 00:00:00+02:00,2431.080078125,2442.800048828125,2424.75,2428.050048828125,91624400,0.0,0.0
2025-04-29 00:00:00+02:00,2433.780029296875,2436.300048828125,2404.9599609375,2411.780029296875,130065200,0.0,0.0
2025-04-30 00:00:00+02:00,2417.06005859375,2434.06005859375,2397.659912109375,2434.06005859375,105679900,0.0,0.0
2025-05-02 00:00:00+02:00,2456.449951171875,2471.699951171875,2440.469970703125,2462.5400390625,116374900,0.0,0.0
2025-05-05 00:00:00+02:00,2460.93994140625,2467.330078125,2450.9599609375,2464.739990234375,73803000,0.0,0.0
2025-05-06 00:00:00+02:00,2463.25,2463.39990234375,2417.340087890625,2428.93994140625,110493800,0.0,0.0
2025-05-07 00:00:00+02:00,2426.7099609375,2438.2900390625,2420.469970703125,2431.639892578125,97760800,0.0,0.0
2025-05-08 00:00:00+02:00,2436.860107421875,2462.199951171875,2435.75,2449.199951171875,115778200,0.0,0.0
2025-05-09 00:00:00+02:00,2457.909912109375,2466.22998046875,2438.02001953125,2448.969970703125,92025800,0.0,0.0
2025-05-12 00:00:00+02:00,2470.830078125,2532.179931640625,2470.800048828125,2525.239990234375,155430500,0.0,0.0
2025-05-13 00:00:00+02:00,2523.800048828125,2535.800048828125,2513.93994140625,2528.719970703125,254682900,0.0,0.0
2025-05-14 00:00:00+02:00,2527.2900390625,2531.25,2512.610107421875,2517.9599609375,194159800,0.0,0.0
2025-05-15 00:00:00+02:00,2509.010009765625,2543.530029296875,2507.06005859375,2542.320068359375,161298000,0.0,0.0
2025-05-16 00:00:00+02:00,2547.429931640625,2564.679931640625,2535.429931640625,2544.0400390625,134265500,0.0,0.0
2025-05-19 00:00:00+02:00,2538.14990234375,2549.64990234375,2524.889892578125,2548.889892578125,97604700,0.0,0.0
2025-05-20 00:00:00+02:00,2554.610107421875,2568.679931640625,2541.389892578125,2563.06005859375,101203700,0.0,0.0
2025-05-21 00:00:00+02:00,2550.929931640625,2550.969970703125,2522.06005859375,2547.840087890625,97380500,0.0,0.0
2025-05-22 00:00:00+02:00,2531.639892578125,2535.02001953125,2490.52001953125,2501.570068359375,111759400,0.0,0.0
2025-05-23 00:00:00+02:00,2508.37451171875,2524.830078125,2444.583740234375,2479.564208984375,0,0.0,0.0
